id,creator,title,birth_year,death_year,collection,type,creation_date
92937,"George Bellows (American, 1882-1925)",Stag at Sharkey's,1882,1925,American - Painting,Painting,1909
94979,"John Singleton Copley (American, 1738-1815)",Nathaniel Hurd,1738,1815,American - Painting,Painting,c. 1765
137259,"Gustave Courbet (French, 1819-1877)",Mme L... (Laure Borreau),1819,1877,Mod Euro - Painting 1800-1960,Painting,1863
141639,"Frederic Edwin Church (American, 1826-1900)",Twilight in the Wilderness,1826,1900,American - Painting,Painting,1860
93014,"Thomas Cole (American, 1801-1848)","View of Schroon Mountain, Essex County, New York, After a Storm",1801,1848,American - Painting,Painting,1838
110180,"Albert Pinkham Ryder (American, 1847-1917)",The Race Track (Death on a Pale Horse),1847,1917,American - Painting,Painting,c. 1896-1908
135299,"Vincent van Gogh (Dutch, 1853-1890)",Adeline Ravoux,1853,1890,Mod Euro - Painting 1800-1960,Painting,1890
125249,"Vincent van Gogh (Dutch, 1853-1890)",The Large Plane Trees (Road Menders at Saint-Rémy),1853,1890,Mod Euro - Painting 1800-1960,Painting,1889
126769,"Henri Rousseau (French, 1844-1910)",Fight between a Tiger and a Buffalo,1844,1910,Mod Euro - Painting 1800-1960,Painting,1908
135382,"Claude Monet (French, 1840-1926)",The Red Kerchief,1840,1926,Mod Euro - Painting 1800-1960,Painting,c. 1868–73
149112,"Charles Sheeler (American, 1883-1965)",Church Street El,1883,1965,American - Painting,Painting,1920
123365,"John Rogers Cox (American, 1915-1990)",Gray and Gold,1915,1990,American - Painting,Painting,1942
140161,"John Sloan (American, 1871-1951)",A Woman's Work,1871,1951,American - Painting,Painting,1912
128391,"Pieter de Hooch (Dutch, 1629-1684)",Portrait of a Family Playing Music,1629,1684,P - Netherlandish-Dutch,Painting,1663
102578,"William Merritt Chase (American, 1849-1916)",Portrait of Dora Wheeler,1849,1916,American - Painting,Painting,1882–83
125104,"Edgar Degas (French, 1834-1917)",Frieze of Dancers,1834,1917,Mod Euro - Painting 1800-1960,Painting,c. 1895
138464,"Jacques-Louis David (French, 1748-1825)",Cupid and Psyche,1748,1825,Mod Euro - Painting 1800-1960,Painting,1817
172815,"Albert Bierstadt (American, 1830-1902)","Mount Starr King, Yosemite",1830,1902,American - Painting,Painting,1866
117032,"Andrea del Sarto (Italian, 1486-1530)",The Sacrifice of Isaac,1486,1530,P - Italian 16th & 17th Century,Painting,c. 1527
151904,"Thomas Eakins (American, 1844-1916)",The Biglin Brothers Turning the Stake,1844,1916,American - Painting,Painting,1873
135428,"Lucas Cranach (German, 1472-1553)",Hunting near Hartenfels Castle,1472,1553,P - German before 1800,Painting,1540
122349,"Joshua Reynolds (British, 1723-1792)",Portrait of the Ladies Amabel and Mary Jemima Yorke,1723,1792,P - British before 1800,Painting,c. 1761
124245,"Pablo Picasso (Spanish, 1881-1973)",La Vie,1881,1973,Mod Euro - Painting 1800-1960,Painting,1903
150389,"Nicolas Poussin (French, 1594-1665)",The Holy Family on the Steps,1594,1665,P - French 17th Century,Painting,1648
127571,"Lorenzo Lotto (Italian, 1480-1556)","Portrait of a Man, possibly Girolamo Rosati",1480,1556,P - Italian 16th & 17th Century,Painting,1533–34
160885,"Frans Hals (Dutch, c. 1581-1666)",Portrait of Tieleman Roosterman,c. 1581,1666,P - Netherlandish-Dutch,Painting,1634
129265,"Henri Matisse (French, 1869-1954)",Interior with an Etruscan Vase (Intérieur au vase étrusque),1869,1954,Mod Euro - Painting 1800-1960,Painting,1940
131819,"Anthony van Dyck (Flemish, 1599-1641)",A Genoese Lady with Her Child,1599,1641,P - Netherlandish-Flemish,Painting,c. 1623-1625
165157,"Jacob Lawrence (American, 1917-2000)",Fulton and Nostrand,1917,2000,American - Painting,Painting,1958
109245,"Benjamin West (American, 1738-1820)","Elizabeth Shewell West and Her Son, Raphael",1738,1820,American - Painting,Painting,c. 1770
148758,"Caravaggio (Italian, 1571-1610)",The Crucifixion of Saint Andrew,1571,1610,P - Italian 16th & 17th Century,Painting,1606–7
138359,"Willem Kalf (Dutch, 1619-1693)",Wineglass and a Bowl of Fruit,1619,1693,P - Netherlandish-Dutch,Painting,1663
140396,"Kay Sage (American, 1898-1963)",A Bird in the Room,1898,1963,American - Painting,Painting,1955
98268,"Charles Willson Peale (American, 1741-1827)",George Washington at the Battle of Princeton,1741,1827,American - Painting,Painting,c. 1779
98268,Workshop,George Washington at the Battle of Princeton,,,American - Painting,Painting,c. 1779
163769,"Aaron Douglas (American, 1899-1979)",Go Down Death,1899,1979,American - Painting,Painting,1934
135214,"Honoré Daumier (French, 1808-1879)",The Troubadour,1808,1879,Mod Euro - Painting 1800-1960,Painting,1868-1873
149768,"Petrus Christus (Netherlandish, c. 1410-1475/76)",Saint John the Baptist in a Landscape,c. 1410,1475/76,MED - Medieval Art,Painting,c. 1445
136217,"Francisco de Zurbarán (Spanish, 1598-1664)",Christ and the Virgin in the House at Nazareth,1598,1664,P - Spanish before 1800,Painting,c. 1640
155665,"Policoro Painter (South Italian, Lucanian, active c. 400 BC)",Red-Figure Calyx-Krater (Mixing Vessel): Medea in Chariot (A); Telephos with Baby Orestes (B),,,GR - South Italy,Ceramic,c. 400 BC
122351,"Joseph Mallord William Turner (British, 1775-1851)","The Burning of the Houses of Lords and Commons, 16 October 1834",1775,1851,Mod Euro - Painting 1800-1960,Painting,1835
140408,"John James Audubon (American, 1785-1851)",Peregrine Falcons (Duck Hawks),1785,1851,American - Painting,Painting,c. 1827
156112,"Carlo Bugatti (Italian, 1856-1940)",Tea Table,1856,1940,Furniture,Furniture and woodwork,c. 1907
136510,"Claude Monet (French, 1840-1926)",Water Lilies (Agapanthus),1840,1926,Mod Euro - Painting 1800-1960,Painting,c. 1915–26
162080,"Salvador Dalí (Spanish, 1904-1989)",The Dream,1904,1989,Mod Euro - Painting 1800-1960,Painting,1931
149665,"Arnold Böcklin (Swiss, 1827-1901)",Ruin by the Sea,1827,1901,Mod Euro - Painting 1800-1960,Painting,1881
149410,"Paul Gauguin (French, 1848-1903)",In the Waves (Dans les Vagues),1848,1903,Mod Euro - Painting 1800-1960,Painting,1889
171296,"Robert S. Duncanson (American, 1821-1872)",Vale of Kashmir,1821,1872,American - Painting,Painting,1867
147017,"John Constable (British, 1776-1837)","Branch Hill Pond, Hampstead",1776,1837,Mod Euro - Painting 1800-1960,Painting,1828
124089,"Rembrandt van Rijn (Dutch, 1606-1669)",Portrait of a Woman,1606,1669,P - Netherlandish-Dutch,Painting,1635 or earlier
124089,Studio,Portrait of a Woman,,,P - Netherlandish-Dutch,Painting,1635 or earlier
147938,"Giovanni Paolo Panini (Italian, 1691-1765)","Interior of the Pantheon, Rome",1691,1765,P - Italian 18th Century,Painting,1747
128842,"Georges de La Tour (French, 1593-1652)",Saint Peter Repentant,1593,1652,P - French 17th Century,Painting,1645
135538,"Claus de Werve (Netherlandish, 1380-1439)","Mourner from the Tomb of Philip the Bold, Duke of Burgundy (1364-1404)",1380,1439,MED - Gothic,Sculpture,1404-10
138885,"Master of the First Prayerbook of Maximillian (Flemish, c. 1444-1519)","Hours of Queen Isabella the Catholic, Queen of Spain",c. 1444,1519,MED - Manuscript Illuminations,Bound Volume,c. 1500
138885,Associates,"Hours of Queen Isabella the Catholic, Queen of Spain",,,MED - Manuscript Illuminations,Bound Volume,c. 1500
164628,"Reginald Marsh (American, 1898-1954)",A Paramount Picture,1898,1954,American - Painting,Painting,1934
119143,Jean de la Huerta (Spanish),Mourner from the Tomb of John the Fearless and Margaret of Bavaria,,,MED - Gothic,Sculpture,1443-45
140078,"Jean Baptiste Camille Corot (French, 1796-1875)","La Cervara, the Roman Campagna",1796,1875,Mod Euro - Painting 1800-1960,Painting,c. 1830–31
136911,"Thomas Cole (American, 1801-1848)",View of Florence,1801,1848,American - Painting,Painting,1837
145450,"Emanuel de Witte (Dutch, ca. 1617-1692)",Interior of a Church,ca. 1617,1692,P - Netherlandish-Dutch,Painting,c. 1680
162292,"Louise Bourgeois (American, 1911-2010)",Blind Man's Buff,1911,2010,CONTEMP - Sculpture,Sculpture,1984
119132,"Claus de Werve (Netherlandish, 1380-1439)","Mourner from the Tomb of Philip the Bold, Duke of Burgundy (1364-1404)",1380,1439,MED - Gothic,Sculpture,1404-1410
155860,"Friedrich Amerling (Austrian, 1803-1887)",The Young Eastern Woman,1803,1887,Mod Euro - Painting 1800-1960,Painting,1838
149146,"Zhu Bishan (Chinese, c. 1300-aft 1362)",Raft Cup,1300,1367,China - Yuan Dynasty,Silver,1345
98627,"Auguste Rodin (French, 1840-1917)",The Age of Bronze,1840,1917,Mod Euro - Sculpture 1800-1960,Sculpture,1875–76
160289,"John Singer Sargent (American, 1856-1925)",Portrait of Lisa Colt Curtis,1856,1925,American - Painting,Painting,1898
103366,"Gilbert Stuart (American, 1755-1828)",Elizabeth Beltzhoover Mason,1755,1828,American - Painting,Painting,c. 1803–5
113202,"Filippino Lippi (Italian, 1457-1504)",The Holy Family with Saint John the Baptist and Saint Margaret,1457,1504,MED - Renaissance,Painting,c. 1495
115405,"Paul Cézanne (French, 1839-1906)",The Pigeon Tower at Bellevue,1839,1906,Mod Euro - Painting 1800-1960,Painting,1890
152834,"Joseph Alexis Bailly (American, 1825-1883)",Sideboard,1825,1883,Furniture,Furniture and woodwork,c. 1855
126758,"Pierre Bonnard (French, 1867-1947)",The Dessert,1867,1947,Mod Euro - Painting 1800-1960,Painting,1921
172954,"Edward Hopper (American, 1882-1967)","Hills, South Truro",1882,1967,American - Painting,Painting,1930
135185,"Paul Cézanne (French, 1839-1906)",Mount Sainte-Victoire,1839,1906,Mod Euro - Painting 1800-1960,Painting,c. 1904
121188,"Pierre-Auguste Renoir (French, 1841-1919)",Romaine Lacaux,1841,1919,Mod Euro - Painting 1800-1960,Painting,1864
123168,"Paul Gauguin (French, 1848-1903)",The Call,1848,1903,Mod Euro - Painting 1800-1960,Painting,1902
148753,"Odilon Redon (French, 1840-1916)",Violette Heymann,1840,1916,DR - French,Drawing,1910
135420,"Georgia O'Keeffe (American, 1887-1986)",Morning Glory with Black,1887,1986,American - Painting,Painting,1926
143602,"Jacob van Ruisdael (Dutch, 1628/29-1682)",Low Waterfall in a Wooded Landscape with a Dead Beech Tree,1628/29,1682,P - Netherlandish-Dutch,Painting,c. 1660–70
155637,"Anselm Kiefer (German, 1945-)",Lot's Wife,1945,,CONTEMP - Painting,Painting,1989
135661,"Peter Paul Rubens (Flemish, 1577-1640)",Diana and Her Nymphs Departing for the Hunt,1577,1640,P - Netherlandish-Flemish,Painting,c. 1615
135661,Workshop,Diana and Her Nymphs Departing for the Hunt,,,P - Netherlandish-Flemish,Painting,c. 1615
149041,"Juste-Aurèle Meissonnier (French, 1695-1750)",Covered Tureen on Stand (Pot-à-oille),1695,1750,Decorative Arts,Silver,1735–38
149041,Pierre-François Bonnestrenne (French),Covered Tureen on Stand (Pot-à-oille),,,Decorative Arts,Silver,1735–38
149041,"Henry Adnet (French, 1745)",Covered Tureen on Stand (Pot-à-oille),,1745,Decorative Arts,Silver,1735–38
141935,"Washington Allston (American, 1779-1843)",Samuel Williams,1779,1843,American - Painting,Painting,c. 1817
122347,"Jean-Marc Nattier (French, 1685-1766)",Portrait of a Woman as Diana,1685,1766,P - French 18th Century,Painting,1752
122338,"Albert Bouts (Netherlandish, 1451-55-1549)",The Annunciation,1451-55,1549,MED - Medieval Art,Painting,c. 1480
155783,"William Sidney Mount (American, 1807-1868)",The Power of Music,1807,1868,American - Painting,Painting,1847
114684,"Hans Memling (Netherlandish, 1494)",Virgin and Child,,1494,MED - Medieval Art,Painting,c. 1470–80
142734,"House of Fabergé (Russian, 1842-1918)",Flower Study of a Lily of the Valley,1842,1918,Decorative Arts,Miscellaneous,c. 1885-1915
153396,"Richard Stankiewicz (American, 1922-1983)",Untitled,1922,1983,CONTEMP - Sculpture,Sculpture,1961
92936,"Rockwell Kent (American, 1882-1971)",Maine Coast,1882,1971,American - Painting,Painting,1907
142792,"Ernst Ludwig Kirchner (German, 1880-1938)",Wrestlers in a Circus,1880,1938,Mod Euro - Painting 1800-1960,Painting,1909
97166,"Filippo Lippi (Italian, c. 1406-1469)",Virgin and Child with Angels,c. 1406,1469,MED - Medieval Art,Painting,c. 1460
135920,"Tilman Riemenschneider (German, c. 1460-1531)",Saint Lawrence,c. 1460,1531,MED - Gothic,Sculpture,1502–8
130391,"Claude Monet (French, 1840-1926)",Spring Flowers,1840,1926,Mod Euro - Painting 1800-1960,Painting,1864
142298,"Jean-Auguste-Dominique Ingres (French, 1780-1867)",Antiochus and Stratonice,1780,1867,Mod Euro - Painting 1800-1960,Painting,c. 1838
143152,"Adam Lenckhardt (German, 1610-1661)",Descent from the Cross,1610,1661,Sculpture,Sculpture,1653
125247,"Peter Paul Rubens (Flemish, 1577-1640)",Portrait of Isabella Brant,1577,1640,P - Netherlandish-Flemish,Painting,c. 1620-25
135539,"Claus de Werve (Netherlandish, 1380-1439)","Mourner from the Tomb of Philip the Bold, Duke of Burgundy (1364-1404)",1380,1439,MED - Gothic,Sculpture,1404-10
153611,"Georgia O'Keeffe (American, 1887-1986)","Cliffs Beyond Abiquiu, Dry Waterfall",1887,1986,American - Painting,Painting,1943
142277,"Douris (Greek, Attic, active c. 500-470 BC)",White-Ground Lekythos (Oil Vessel): Atalanta and Erotes,,,GR - Greek,Ceramic,500-490 BC
168322,"Angelos Akotantos (Greek, c. 1450)",Icon of the Mother of God and Infant Christ (Virgin Eleousa),,c. 1450,MED - Byzantine,Painting,c. 1425–50
115067,"Odilon Redon (French, 1840-1916)",Vase of Flowers,1840,1916,Mod Euro - Painting 1800-1960,Painting,c. 1905
97165,"Giovanni Francesco Toscani (Italian, c. 1380-1430)",Panel from a Cassone: The Race of the Palio in the Streets of Florence,c. 1380,1430,MED - Medieval Art,Painting,1418
135480,"Pierre-Auguste Renoir (French, 1841-1919)",The Apple Seller,1841,1919,Mod Euro - Painting 1800-1960,Painting,c. 1890
124092,"Gerard ter Borch (Dutch, 1617-1681)",Portrait of a Woman,1617,1681,P - Netherlandish-Dutch,Painting,c. 1665
125234,"Claude Monet (French, 1840-1926)","Low Tide at Pourville, near Dieppe, 1882",1840,1926,Mod Euro - Painting 1800-1960,Painting,1882
156855,"Tiffany & Co. (American, New York, est. 1837)",Tall Clock,1837,,Furniture,Furniture and woodwork,c. 1880
142738,"Mikhail Evlampievich Perkhin (Russian, 1860-1903)",Parrot on a Perch ,1860,1903,Decorative Arts,Miscellaneous,1896-1903
142738,"House of Fabergé (Russian, 1842-1918)",Parrot on a Perch ,1842,1918,Decorative Arts,Miscellaneous,1896-1903
143775,"Antonio Canova (Italian, 1757-1822)",Terpsichore Lyran (Muse of Lyric Poetry),1757,1822,Mod Euro - Sculpture 1800-1960,Sculpture,1816
159838,"Harriet Goodhue Hosmer (American, 1830-1908)",The Sleeping Faun,1830,1908,American - Sculpture,Sculpture,"modeled 1864, carved c. 1870"
132367,"Battista di Biagio Sanguigni (Italian, active 1393-1451)",Virgin and Child Enthroned,,,MED - Medieval Art,Painting,1419
162625,"Lee Krasner (American, 1908-1984)",Celebration,1908,1984,American - Painting,Painting,1960
169187,"Edmonia Lewis (American, c. 1844-1907)",Indian Combat,c. 1844,1907,American - Sculpture,Sculpture,1868
170235,"Johann Georg Platzer (Austrian, 1704-1761)",The Artist's Studio,1704,1761,Paintings,Painting,1740s-1750s
125103,"Tilman Riemenschneider (German, c. 1460-1531)",Saint Jerome and the Lion (From the former Church of St. Peter in Erfurt),c. 1460,1531,MED - Gothic,Sculpture,c. 1495
140492,Master of the Brussels Initials and Associates (French),"Hours of Charles the Noble, King of Navarre (1361-1425)",,1409,MED - Manuscript Illuminations,Bound Volume,c. 1404
150530,"Marsden Hartley (American, 1877-1943)",Military,1877,1943,American - Painting,Painting,1914-1915
118490,"William Glackens (American, 1870-1938)","The Drive, Central Park",1870,1938,American - Painting,Painting,c. 1905
143915,"Fairfield Porter (American, 1907-1975)",Nyack,1907,1975,CONTEMP - Painting,Painting,1966-1967
146416,"John Linnell (British, 1792-1882)",Noah:  The Eve of the Deluge,1792,1882,Mod Euro - Painting 1800-1960,Painting,1848
128392,"Camille Pissarro (French, 1830-1903)","Edge of the Woods Near L'Hermitage, Pontoise",1830,1903,Mod Euro - Painting 1800-1960,Painting,1879
143803,"Gerrit van Honthorst (Dutch, 1590-1656)",Samson and Delilah,1590,1656,P - Netherlandish-Dutch,Painting,c. 1616
159976,"Andy Warhol (American, 1928-1987)",Marilyn x 100,1928,1987,CONTEMP - Painting,Painting,1962
111479,"Noël Nicolas Coypel (French, 1690-1734)",The Miracles of Saint James the Greater,1690,1734,P - French 18th Century,Painting,1726
95265,"Henri Fantin-Latour (French, 1836-1904)",Tannhäuser,1836,1904,Mod Euro - Painting 1800-1960,Painting,1886
119326,"Nathaniel Hurd (American, 1730-1778)",Teapot,1730,1778,Decorative Arts,Silver,c. 1755–60
142716,"Tiffany Glass & Decorating Company (American, New York, 1892–1902)","Hinds House Window
",,,Decorative Arts,Glass,c. 1900
134072,"George Inness (American, 1825-1894)",Sunny Autumn Day,1825,1894,American - Painting,Painting,1892
156813,"Edmund C. Tarbell (American, 1862-1938)",On Bos'n's Hill,1862,1938,American - Painting,Painting,1901
108743,Godefroid de Huy (Netherlandish),Pendant with the Virgin and Child,,,MED - Romanesque,Enamel,c. 1160-1170
141549,"Diego Velázquez (Spanish, 1599-1660)",Portrait of the Jester Calabazas,1599,1660,P - Spanish before 1800,Painting,c. 1631–32
114538,"Diego Rivera (Mexican, 1886-1957)",Zapata,1886,1957,PR - Lithograph,Print,1932
114538,"George C. Miller (American, 1894-1966)",Zapata,1894,1966,PR - Lithograph,Print,1932
114538,Weyhe Gallery,Zapata,,,PR - Lithograph,Print,1932
142476,"Robert Campin (Netherlandish, 1375/79-1444)",John the Baptist,1375/79,1444,MED - Medieval Art,Painting,c. 1410
168182,"Yves Tanguy (French, 1900-1955)",Title Unknown,1900,1955,Mod Euro - Painting 1800-1960,Painting,1928
127572,"Paolo Veronese (Italian, 1528-1588)",The Annunciation,1528,1588,P - Italian 16th & 17th Century,Painting,c. 1580
127572,Workshop,The Annunciation,,,P - Italian 16th & 17th Century,Painting,c. 1580
122920,"Paul Jacques de Lamerie (British, 1688-1751)",Tea Caddy,1688,1751,Decorative Arts,Silver,1741-1742
137308,"Mark Rothko (American, 1903-1970)",No. 2 (Red Maroons),1903,1970,CONTEMP - Painting,Painting,1962
169868,"Frank Wilcox (American, 1887-1964)",The Bee Tree,1887,1964,American - Cleveland School,Painting,1930
146797,"David Alfaro Siqueiros (Mexican, 1896-1974)",Zapata,1896,1974,PR - Lithograph,Print,1931
146797,"George C. Miller (American, 1894-1966)",Zapata,1894,1966,PR - Lithograph,Print,1931
146797,Weyhe Gallery,Zapata,,,PR - Lithograph,Print,1931
130457,"Edouard Vuillard (French, 1868-1940)","Under the Trees (from ""The Public Gardens"")",1868,1940,Mod Euro - Painting 1800-1960,Painting,1894
148301,"Juan de Flandes (Netherlandish, c. 1460-1519)",The Birth and Naming of John the Baptist,c. 1460,1519,MED - Renaissance,Painting,1496–99
302209,"Joseph Wright of Derby (British, 1734-1797)",Portrait of Colonel Charles Heathcote,1734,1797,P - British before 1800,Painting,c. 1771-72
155871,"Jean Lecomte du Nouÿ (French, 1842-1923)",A Eunuch's Dream,1842,1923,Mod Euro - Painting 1800-1960,Painting,1874
95287,"Pierre Puvis de Chavannes (French, 1824-1898)",Summer,1824,1898,Mod Euro - Painting 1800-1960,Painting,1891
110059,"Oionokles Painter (Greek, Attic, active c. 480-460 BC)",Red-Figure Lekythos (Oil Vessel): Warrior Cutting Hair,,,GR - Greek,Ceramic,c. 480-470 BC
122340,"Aelbert Cuyp (Dutch, 1620-1691)",Travelers in Hilly Countryside,1620,1691,P - Netherlandish-Dutch,Painting,c. 1650
135173,"Paul Cézanne (French, 1839-1906)",The Brook,1839,1906,Mod Euro - Painting 1800-1960,Painting,c. 1895-1900
140152,"Jan Steen (Dutch, 1626-1679)","Esther, Ahasuerus, and Haman",1626,1679,P - Netherlandish-Dutch,Painting,c. 1668
136207,"Ambrosius Bosschaert (Dutch, 1573-1621)",Flowers in a Glass,1573,1621,P - Netherlandish-Dutch,Painting,1606
124679,"John Sloan (American, 1871-1951)",The Rathskeller,1871,1951,American - Painting,Painting,1901
167459,"Mino da Fiesole (Italian, c. 1430-1484)",Julius Caesar,c. 1430,1484,Sculpture,Sculpture,c. 1455–60
167459,"Mino da Fiesole and Workshop (Italian, c. 1430-1484)",Julius Caesar,c. 1430,1484,Sculpture,Sculpture,c. 1455–60
129300,"Benjamin West (American, 1738-1820)",George III,1738,1820,American - Painting,Painting,1783
149386,"Félix Bracquemond (French, 1833-1914)",Hand Mirror,1833,1914,Decorative Arts,Miscellaneous,c. 1900
149386,"Auguste Rodin (French, 1840-1917)",Hand Mirror,1840,1917,Decorative Arts,Miscellaneous,c. 1900
149386,Alexander Riquet (French),Hand Mirror,,,Decorative Arts,Miscellaneous,c. 1900
149386,"Alexis Falize (French, 1811-1898)",Hand Mirror,1811,1898,Decorative Arts,Miscellaneous,c. 1900
140208,"Stuart Davis (American, 1894-1964)",Composition Concrete (Study for Mural),1894,1964,American - Painting,Painting,1957-1960
135456,"Pablo Picasso (Spanish, 1881-1973)",The Harem ,1881,1973,Mod Euro - Painting 1800-1960,Painting,1906
123435,"Louis Hersent (French, 1777-1860)",Sophie Crouzet,1777,1860,Mod Euro - Painting 1800-1960,Painting,c. 1801
135265,"Edgar Degas (French, 1834-1917)","Stefanina Primicile Carafa, Marchioness of Cicerale and Duchess of Montejasi",1834,1917,Mod Euro - Painting 1800-1960,Painting,c. 1875
170093,"Jared French (American, 1905-1988)",Evasion,1905,1988,American - Painting,Painting,1947
136922,Ugolino di Nerio (Italian),Virgin and Child with Saints,,,MED - Medieval Art,Painting,c. 1320
149947,"Jackson Pollock (American, 1912-1956)","Number 5, 1950",1912,1956,American - Painting,Painting,1950
136682,"Thomas Lawrence (British, 1769-1830)","Portrait of Catherine Grey, Lady Manners",1769,1830,P - British before 1800,Painting,1794
109042,"Honoré Daumier (French, 1808-1879)",Art Lovers,1808,1879,DR - French,Drawing,1863-1869
110565,"Théodore Géricault (French, 1791-1824)",Fighting Horses,1791,1824,DR - French,Drawing,c. 1820
165186,"René Lalique (French, 1860-1945)",Frogs and Lily Pads (Grenouilles et Nénuphars) Vase,1860,1945,Decorative Arts,Glass,1909–12
173263,"Henri de Toulouse-Lautrec (French, 1864-1901)",Monsieur Boileau at the Café,1864,1901,DR - French,Drawing,1893
127227,"Charles Burchfield (American, 1893-1967)","Church Bells Ringing, Rainy Winter Night",1893,1967,DR - American 20th Century,Drawing,December 1917
109295,"Jean-Auguste-Dominique Ingres (French, 1780-1867)",Madame Désiré Raoul-Rochette,1780,1867,DR - French,Drawing,1830
156593,"René Magritte (Belgian, 1898-1967)",The Secret Life,1898,1967,Mod Euro - Painting 1800-1960,Painting,1928
146148,"Anne Vallayer-Coster (French, 1744-1818)",Basket of Plums,1744,1818,P - French 18th Century,Painting,1769
162973,"Augusta Savage (American, 1892-1962)",Gamin,1892,1962,American - Sculpture,Sculpture,c. 1929
107189,"Guercino (Italian, 1591-1666)",Venus and Cupid in a Chariot,1591,1666,DR - Italian,Drawing,1615-17
147479,"Jean François de Troy (French, 1679-1752)",Pan and Syrinx,1679,1752,P - French 18th Century,Painting,1720
144965,"Painter of Berlin 1899 (Greek, Attic)","Black-Figure Neck-Amphora (Storage Vessel): Herakles and Nemean Lion (A); Dionysos, Satyrs, and Maenads (B)",,,GR - Greek,Ceramic,515-510  BC
124040,"Winslow Homer (American, 1836-1910)",The Brierwood Pipe,1836,1910,American - Painting,Painting,1864
123424,"Grinling Gibbons (British, 1648-1721)",Overmantel Decoration,1648,1721,Sculpture,Sculpture,c. 1675-1677
152003,"Chelsea Porcelain Factory (Britain, London, 1745-84)",Hen and Chicks Covered Tureen on Stand,,,Decorative Arts,Ceramic,c. 1755
138023,Master of the Boqueteaux (French),The Gotha Missal,,1380,MED - Manuscript Illuminations,Bound Volume,c. 1375
138023,Workshop,The Gotha Missal,,,MED - Manuscript Illuminations,Bound Volume,c. 1375
141168,"Gustave Courbet (French, 1819-1877)","Panoramic View of the Alps, Les Dents du Midi",1819,1877,Mod Euro - Painting 1800-1960,Painting,1877
144613,"Joan Mitchell (American, 1925-1992)",Metro,1925,1992,American - Painting,Painting,1958
123431,"Jean-Honoré Fragonard (French, 1732-1806)",Invocation to Love,1732,1806,DR - French,Drawing,c. 1781
135310,"Vincent van Gogh (Dutch, 1853-1890)",Two Poplars in the Alpilles near Saint-Rémy,1853,1890,Mod Euro - Painting 1800-1960,Painting,1889
136509,"Abraham van Beyeren (Dutch, 1620/21-1690)","Silver Wine Jug, Ham, and Fruit",1620/21,1690,P - Netherlandish-Dutch,Painting,c. 1660-66
140089,"Willem de Kooning (American, 1904-1997)",Figure,1904,1997,American - Painting,Painting,1949
122345,"Meindert Hobbema (Dutch, 1638-1709)",A Cottage in the Woods,1638,1709,P - Netherlandish-Dutch,Painting,c. 1662
141476,"Jacques André Joseph Aved (French, 1702-1766)",Portrait of Jean-Gabriel du Theil at the Signing of the Treaty of Vienna,1702,1766,P - French 18th Century,Painting,1738-1740
135336,"Edouard Manet (French, 1832-1883)",Berthe Morisot,1832,1883,Mod Euro - Painting 1800-1960,Painting,c. 1869-73
96263,"Thomas Sully (American, 1783-1872)",Portrait of Jean Terford David,1783,1872,American - Painting,Painting,1813
152588,"Otto Dix (German, 1891-1969)",Josef May,1891,1969,Mod Euro - Painting 1800-1960,Painting,1926
145999,"Thomas Gainsborough (British, 1727-1788)","Portrait of George Pitt, First Baron Rivers",1727,1788,P - British before 1800,Painting,1769
150156,"Carlo Bugatti (Italian, 1856-1940)",Tea and Coffee Service,1856,1940,Decorative Arts,Silver,c. 1907
150156,"Adrien-Aurélien Hebrard (French, 1866-1937)",Tea and Coffee Service,1866,1937,Decorative Arts,Silver,c. 1907
93173,"Clara Wolcott Driscoll (American, 1861-1944)",Poppy Inkwell,1861,1944,Decorative Arts,Glass,c. 1898-1906
93173,"Tiffany Glass & Decorating Company (American, New York, 1892–1902)",Poppy Inkwell,,,Decorative Arts,Glass,c. 1898-1906
93173,"Tiffany Studios (American, New York, 1902–1932)",Poppy Inkwell,1902,1932,Decorative Arts,Glass,c. 1898-1906
135238,"Edgar Degas (French, 1834-1917)",Paul Lafond and Alphonse Cherfils Examining a Painting,1834,1917,Mod Euro - Painting 1800-1960,Painting,c. 1878-1880
150083,"James Tissot (French, 1836-1902)",Seaside (July: Specimen of a Portrait),1836,1902,Mod Euro - Painting 1800-1960,Painting,1878
169465,"Thomas Hope (British, 1769-1831)",Settee,1769,1831,Furniture,Wood,c. 1802-07
169465,Unknown Maker (British),Settee,,,Furniture,Wood,c. 1802-07
111702,"Antonio Canaletto (Italian, 1697-1768)",Capriccio: A Palace with a Courtyard by the Lagoon,1697,1768,DR - Italian,Drawing,c. 1750-1755
108544,"Odilon Redon (French, 1840-1916)",Orpheus,1840,1916,DR - French,Drawing,c. 1903-10
135515,"Henri de Toulouse-Lautrec (French, 1864-1901)",May Belfort,1864,1901,DR - French,Drawing,1895
92844,"Maurice Denis (French, 1870-1943)",Blessing of a Yacht on the Belon River,1870,1943,Mod Euro - Painting 1800-1960,Painting,1899
162282,"Grant Wood (American, 1891-1942)",January,1891,1942,American - Painting,Painting,1940-1941
120870,"Pierre-Auguste Renoir (French, 1841-1919)",The Judgment of Paris,1841,1919,Mod Euro - Sculpture 1800-1960,Sculpture,1914
120870,"Ricard Guinó (Spanish, 1890-1973)",The Judgment of Paris,1890,1973,Mod Euro - Sculpture 1800-1960,Sculpture,1914
148966,"Jean-Charles Cazin (French, 1841-1901)",The Boatyard,1841,1901,Mod Euro - Painting 1800-1960,Painting,c. 1875
148963,"Albert Besnard (French, 1849-1934)",Madeleine Lerolle and Her Daughter Yvonne,1849,1934,Mod Euro - Painting 1800-1960,Painting,c. 1879-1880
144743,"Jean-Baptiste Oudry (French, 1686-1755)",A Hare and a Leg of Lamb,1686,1755,P - French 18th Century,Painting,1742
153603,"Maerten van Heemskerck (Dutch, 1498-1574)",Portrait of Machtelt Suijs,1498,1574,P - Netherlandish-Flemish,Painting,c. 1540-1545
95272,"Claude Monet (French, 1840-1926)",Gardener's House at Antibes,1840,1926,Mod Euro - Painting 1800-1960,Painting,1888
140139,"Ellsworth Kelly (American, 1923-2015)",Red Blue,1923,2015,CONTEMP - Painting,Painting,1962
150841,"Ernest Meissonier (French, 1815-1891)",A Painter,1815,1891,Mod Euro - Painting 1800-1960,Painting,1855
128363,"Charles François Daubigny (French, 1817-1878)",Villerville Seen from Le Ratier,1817,1878,Mod Euro - Painting 1800-1960,Painting,1855
170257,"John Townsend (American, 1732-1809)",Desk and Bookcase,1732,1809,Furniture,Furniture and woodwork,c. 1780–95
312995,"Emma Amos (American, 1937-2020)",Sandy and Her Husband,1937,2020,CONTEMP - Painting,Painting,1973
361517,"Ilse Bing (American, 1899-1998)",Self-Portrait with Mirrors,1899,1998,PH - American 1900-1950,Photograph,1931 (printed 1980s)
361519,"Ilse Bing (American, 1899-1998)",Champ de Mars from the Eiffel Tower,1899,1998,PH - American 1900-1950,Photograph,1931 (printed 1950s)
361520,"Ilse Bing (American, 1899-1998)",Salut de Schiaparelli,1899,1998,PH - American 1900-1950,Photograph,1934
371392,"Belkis Ayón (Cuban, 1967-1999)",I Always Return,1967,1999,PR - Collagraph,Print,"1993, printed 1994"
173114,"Constantin Brancusi (Romanian, 1876-1957)",Male Torso,1876,1957,Mod Euro - Sculpture 1800-1960,Sculpture,1917
143656,"Morris Louis (American, 1912-1962)",Number 99,1912,1962,American - Painting,Painting,1959-1960
134951,"Fra Bartolommeo (Italian, 1472-1517)",Farmhouse on the Slope of a Hill,1472,1517,DR - Italian,Drawing,c. 1508
152006,"Thomas Gainsborough (British, 1727-1788)","Rocky, Wooded Landscape with a Dell and Weir",1727,1788,P - British before 1800,Painting,c. 1782-1783
157501,"Annibale Carracci (Italian, c. 1560-1609)",Boy Drinking,c. 1560,1609,P - Italian 16th & 17th Century,Painting,1582-1583
128056,"Royal Savonnerie Manufactory, Chaillot Workshops (French, est. 1627)",Louis XV Savonnerie Carpet with Royal Arms,,1825,Textiles,Carpet,c. 1740–50
128056,Pierre Josse Perrot (French),Louis XV Savonnerie Carpet with Royal Arms,,,Textiles,Carpet,c. 1740–50
97996,"Longton Hall Porcelain Factory (British, Staffordshire, 1749–60)",Figure of Britannia,,,Decorative Arts,Ceramic,c. 1756
97996,"Vauxhall Porcelain Factory (British, 1751-1764)",Figure of Britannia,1751,1764,Decorative Arts,Ceramic,c. 1756
132648,Jacques Lipchitz,Mother and Child,,,Mod Euro - Sculpture 1800-1960,Sculpture,1929-1930
117766,"Giovanni Battista Piazzetta (Italian, 1682-1754)",A Young Woman Buying a Pink from a Young Man,1682,1754,DR - Italian,Drawing,c. 1740
140001,,Imperial Red Cross Easter Egg,,,Decorative Arts,Miscellaneous,1915
140001,"Peter Carl Fabergé (Russian, 1846-1920)",Imperial Red Cross Easter Egg,1846,1920,Decorative Arts,Miscellaneous,1915
140001,"Henrik Wigström (Russian, 1862-1923)",Imperial Red Cross Easter Egg,1862,1923,Decorative Arts,Miscellaneous,1915
140001,"House of Fabergé (Russian, 1842-1918)",Imperial Red Cross Easter Egg,1842,1918,Decorative Arts,Miscellaneous,1915
107008,"François Boucher (French, 1703-1770)",The Presentation in the Temple,1703,1770,DR - French,Drawing,c. 1770
162323,"Max Ernst (German, 1891-1976)",Le Déjeuner sur l'Herbre,1891,1976,Mod Euro - Painting 1800-1960,Painting,1944
112856,"Rogier van der Weyden (Flemish, c. 1399-1464)",The Crucifixion with a Carthusian Monk,c. 1399,1464,MED - Medieval Art,Painting,c. 1460
152776,"Pablo Picasso (Spanish, 1881-1973)","Bull Skull, Fruit, Pitcher",1881,1973,Mod Euro - Painting 1800-1960,Painting,1939
162288,"José Clemente Orozco (Mexican, 1883-1949)",Zapatistas,1883,1949,PR - Lithograph,Print,1935
162288,Delphic Studios,Zapatistas,,,PR - Lithograph,Print,1935
361505,"León Ferrari (Argentinian, 1920-2013)",Square,1920,2013,Prints,Print,1982 (signed 2008)
85239,"Joan Mitchell (American, 1925-1992)",Gouise,1925,1992,CONTEMP - Painting,Painting,1967
127115,"Paul Gauguin (French, 1848-1903)",Head of a Tahitian Woman,1848,1903,DR - French,Drawing,1891
143234,"Jacob van Ruisdael (Dutch, 1628/29-1682)","Landscape with a Windmill
",1628/29,1682,P - Netherlandish-Dutch,Painting,1646
131583,"Peter Paul Rubens (Flemish, 1577-1640)",The Feast of Herod (recto) Tomyris with the Head of Cyrus (verso),1577,1640,DR - Flemish,Drawing,c. 1637-38
135512,"Georges Seurat (French, 1859-1891)","Study for ""Bathers at Asnières""",1859,1891,Mod Euro - Painting 1800-1960,Painting,c. 1883-1884
156896,Bisenzio Class,Italo-Geometric Bird Askos (Oil Vessel): Hunter (Herakles?) and Stag,,,GR - Etruscan,Ceramic,c. 700 BC
163551,"Marsden Hartley (American, 1877-1943)",New Mexico Recollection,1877,1943,American - Painting,Painting,c. 1923
95259,"Eugène Delacroix (French, 1798-1863)",Greek Cavalry Men Resting in Forest,1798,1863,Mod Euro - Painting 1800-1960,Painting,1858
151969,"William Holman Hunt (British, 1827-1910)",Mrs. George Waugh,1827,1910,Mod Euro - Painting 1800-1960,Painting,1868
139729,"Jean Bernard Restout (French, 1732-1797)",Sleep,1732,1797,P - French 18th Century,Painting,c. 1771
153389,"Frederic Leighton (British, 1830-1896)","David:  ""Oh, that I had wings like a Dove!  For then would I fly away, and be at rest."" Psalm 55:6",1830,1896,Mod Euro - Painting 1800-1960,Painting,1865
154283,"Odilon Redon (French, 1840-1916)",Symbolic Head,1840,1916,Mod Euro - Painting 1800-1960,Painting,c. 1890
136390,"Federico Barocci (Italian, 1528-1612)",Aeneas Saving Anchises at the Fall of Troy,1528,1612,DR - Italian,Drawing,1587-88
150161,"Carlo Bugatti (Italian, 1856-1940)",Coffee Pot,1856,1940,Decorative Arts,Silver,c. 1907
150161,"Adrien-Aurélien Hebrard (French, 1866-1937)",Coffee Pot,1866,1937,Decorative Arts,Silver,c. 1907
149405,"Berlin Painter (Greek, Attic, active c. 505-460 BC)",Red-Figure Lekythos (Oil Vessel): Athena Slaying Giant (body); Satyr between Maenads (shoulder),-540,-445,GR - Greek,Ceramic,c. 490 BC
149405,"Painter of Goluchow 37 (Greek, Attic, active c. 490-460 BC)",Red-Figure Lekythos (Oil Vessel): Athena Slaying Giant (body); Satyr between Maenads (shoulder),-530,-450,GR - Greek,Ceramic,c. 490 BC
130421,"John Paul Miller (American, 1918-2013)",Necklace,1918,2013,Decorative Arts,Jewelry,1953
135931,"Tilman Riemenschneider (German, c. 1460-1531)",Saint Stephen,c. 1460,1531,MED - Gothic,Sculpture,1502-1508
150157,"Carlo Bugatti (Italian, 1856-1940)",Tray,1856,1940,Decorative Arts,Silver,c. 1907
150157,"Adrien-Aurélien Hebrard (French, 1866-1937)",Tray,1866,1937,Decorative Arts,Silver,c. 1907
150158,"Carlo Bugatti (Italian, 1856-1940)",Creamer,1856,1940,Decorative Arts,Silver,c. 1907
150158,"Adrien-Aurélien Hebrard (French, 1866-1937)",Creamer,1866,1937,Decorative Arts,Silver,c. 1907
150159,"Carlo Bugatti (Italian, 1856-1940)",Covered Sugar Bowl,1856,1940,Decorative Arts,Silver,c. 1907
150159,"Adrien-Aurélien Hebrard (French, 1866-1937)",Covered Sugar Bowl,1866,1937,Decorative Arts,Silver,c. 1907
162624,"Robert Gober (American, b. 1954)",Untitled,1954,,CONTEMP - Sculpture,Sculpture,1990
130937,"Bernardo Strozzi (Italian, 1581?-1644)",Allegorical Figure,1581?,1644,DR - Italian,Drawing,c. 1635
143140,"David Johnson (American, 1827-1908)","Study, North Conway, New Hampshire",1827,1908,American - Painting,Painting,1851
145960,"Hans Holbein (German, 1497/98-1543)","Terminus, the Device of Erasmus",1497/98,1543,P - German before 1800,Painting,c. 1532
113549,Guillaume Julien (French),Quatrilobed Plaque,,,MED - Gothic,Metalwork,c. 1300-1310
124078,"Jean Baptiste Camille Corot (French, 1796-1875)",Pond at Ville-d'Avray,1796,1875,Mod Euro - Painting 1800-1960,Painting,late 1860s
150160,"Carlo Bugatti (Italian, 1856-1940)",Tea Pot,1856,1940,Decorative Arts,Silver,c. 1907
150160,"Adrien-Aurélien Hebrard (French, 1866-1937)",Tea Pot,1866,1937,Decorative Arts,Silver,c. 1907
88940,"Georges Braque (French, 1882-1963)","The Port of l'Estaque, the Pier",1882,1963,Mod Euro - Painting 1800-1960,Painting,1906
101646,"Mary Cassatt (American, 1844-1926)",After the Bath,1844,1926,DR - American 19th Century,Drawing,1901
128072,"Berthe Morisot (French, 1841-1895)",Reading,1841,1895,Mod Euro - Painting 1800-1960,Painting,1873
102549,"Benedetto Buglioni (Italian, 1461-1521)",Virgin and Child Enthroned with Saints Francis and Giovanni Gualberto,1461,1521,Sculpture,Sculpture,c. 1510-1520
166195,"Gil de Siloé (Spanish, c. 1501)",Enthroned Virgin and Child,,c. 1501,MED - Medieval Art,Sculpture,c. 1480s
168194,"Pedro de Mena (Spanish, 1628-1688)",Saint Peter of Alcántara,1628,1688,Sculpture,Sculpture,c. 1663-1670
168194,Workshop,Saint Peter of Alcántara,,,Sculpture,Sculpture,c. 1663-1670
140427,Jean de Clichy (French),Kneeling Prophet from the Reliquary Chasse of Saint-Germain-des-Prés,,,MED - Gothic,Sculpture,1409
140427,Gauthier du Four (French),Kneeling Prophet from the Reliquary Chasse of Saint-Germain-des-Prés,,,MED - Gothic,Sculpture,1409
140427,Guillaume Boey (French),Kneeling Prophet from the Reliquary Chasse of Saint-Germain-des-Prés,,,MED - Gothic,Sculpture,1409
121946,"Peter Lely (British, 1618-1680)",Portrait of Mrs. Leneve,1618,1680,P - British before 1800,Painting,c. 1657
154803,"Ilse Bing (American, 1899-1998)","New York, the Elevated, and Me",1899,1998,PH - American 1900-1950,Photograph,1936
155647,"Ilse Bing (American, 1899-1998)","Paris Windows with Flags, Bastille Day",1899,1998,PH - American 1900-1950,Photograph,1933
135341,"Georges Seurat (French, 1859-1891)",Café-concert,1859,1891,DR - French,Drawing,1887-1888
294175,"Norman Lewis (American, 1909-1979)",Alabama,1909,1979,American - Painting,Painting,1960
129250,"Royal Savonnerie Manufactory, Chaillot Workshops (French, est. 1627)",Panel: Spring,,1825,Textiles,Carpet,c. 1715
143392,"Franz Kline (American, 1910-1962)",Accent Grave,1910,1962,American - Painting,Painting,1955
122344,"Gainsborough Dupont (British, 1754-1797)",Portrait of Mary Anne Jolliffe,1754,1797,P - British before 1800,Painting,after 1788
156113,"Carlo Bugatti (Italian, 1856-1940)",Salver,1856,1940,Decorative Arts,Silver,c. 1907
156113,"Adrien-Aurélien Hebrard (French, 1866-1937)",Salver,1866,1937,Decorative Arts,Silver,c. 1907
126219,"Albrecht Altdorfer (German, c. 1480-1538)",Salome with the Head of St. John the Baptist,c. 1480,1538,DR - German,Drawing,c. 1517
129221,"Henri de Toulouse-Lautrec (French, 1864-1901)",The Laundress,1864,1901,DR - French,Drawing,1888
144967,"Martin Johnson Heade (American, 1819-1904)","Point Judith, Rhode Island",1819,1904,American - Painting,Painting,1867–68
149408,"Joan Miró (Spanish, 1893-1983)",Nocturne,1893,1983,Mod Euro - Painting 1800-1960,Painting,1935
100824,"Auguste Rodin (French, 1840-1917)","Heroic Head of Pierre de Wissant, One of the Burghers of Calais",1840,1917,Mod Euro - Sculpture 1800-1960,Sculpture,1886
172659,"Edgar Degas (French, 1834-1917)",Dancer Looking at the Sole of her Right Foot,1834,1917,Mod Euro - Sculpture 1800-1960,Sculpture,1896-1897
143617,"Lee Bontecou (American, 1931-)",Untitled,1931,,CONTEMP - Sculpture,Sculpture,1961
162293,"Louise Bourgeois (American, 1911-2010)",Blind Man's Buff,1911,2010,CONTEMP - Sculpture,Sculpture,1984
162294,"Louise Bourgeois (American, 1911-2010)",Blind Man's Buff (base),1911,2010,CONTEMP - Sculpture,Sculpture,1984
150851,"Henri Fantin-Latour (French, 1836-1904)",Marie-Yolande de Fitz-James,1836,1904,Mod Euro - Painting 1800-1960,Painting,1867
156294,"Arthur Dove (American, 1880-1946)",Pine Tree,1880,1946,American - Painting,Painting,1931
151818,"Peter Flötner (German, 1485-1546)",Cupid Complaining to Venus,1485,1546,Sculpture,Sculpture,c. 1540-1546
136680,"Jusepe de Ribera (Spanish, 1591-1652)",Saint Jerome,1591,1652,P - Spanish before 1800,Painting,c. 1638-1640
134237,Carolino da Viterbo (Italian),Virgin and Child with Saint Jerome and Saint Catherine of Alexandria,,,MED - Medieval Art,Painting,c. 1450
166197,"Valerio Belli (Italian, c. 1468-1546)","Mars, Minerva, Venus, and Cupid",c. 1468,1546,Sculpture,Sculpture,early 1500s
169684,"Elisabeth Louise Vigée-LeBrun (French, 1755-1842)",Portrait of Jean-Baptiste Lemoyne the Younger,1755,1842,P - French 18th Century,Painting,1772
300947,"Heinrich Davringhausen (German, 1894-1970)",Der Krieg,1894,1970,Mod Euro - Painting 1800-1960,Painting,1914
131338,"Joseph Mallord William Turner (British, 1775-1851)","Flüelen, from the Lake of Lucerne",1775,1851,DR - British,Drawing,1845
141602,"Joan Miró (Spanish, 1893-1983)",Woman with Blond Armpit Combing Her Hair by the Light of the Stars  (recto)  Figure (verso),1893,1983,DR - Spanish,Drawing,1940
144844,"Rembrandt van Rijn (Dutch, 1606-1669)",Tobias Healing His Father's Blindness,1606,1669,DR - Dutch,Drawing,c. 1640-45
161701,"Viktor Schreckengost (American, 1906-2008)",The New Yorker (Jazz) Bowl,1906,2008,Decorative Arts,Ceramic,c. 1930
161701,"Cowan Pottery Studio (American, Ohio, Rocky River, 1912-1931)",The New Yorker (Jazz) Bowl,,,Decorative Arts,Ceramic,c. 1930
122223,"Giovanni di Paolo (Italian, c. 1403-1482)",The Adoration of the Magi,c. 1403,1482,MED - Medieval Art,Painting,1440-45
149769,"Frederick Sandys (British, 1829-1904)",Portrait of Susanna Rose,1829,1904,Mod Euro - Painting 1800-1960,Painting,1862
150115,"Jean-Siméon Chardin (French, 1699-1779)","Kitchen Utensils with Leeks, Fish, and Eggs",1699,1779,P - French 18th Century,Painting,c. 1734
149105,"Salvator Rosa (Italian, 1615-1673)",Scenes of Witchcraft: Morning,1615,1673,P - Italian 16th & 17th Century,Painting,c. 1645-1649
149107,"Salvator Rosa (Italian, 1615-1673)",Scenes of Witchcraft: Evening,1615,1673,P - Italian 16th & 17th Century,Painting,c. 1645-1649
149108,"Salvator Rosa (Italian, 1615-1673)",Scenes of Witchcraft: Night,1615,1673,P - Italian 16th & 17th Century,Painting,c. 1645-1649
153765,Ateu Atsa (Cameroonian),Male Figure,,,African Art,Sculpture,mid 1800s-early 1900s
95271,"Edgar Degas (French, 1834-1917)",Dancers,1834,1917,DR - French,Drawing,1896
94966,"John Singleton Copley (American, 1738-1815)",Catherine Greene,1738,1815,American - Painting,Painting,1769
142771,"Henrik Wigström (Russian, 1862-1923)",Clock,1862,1923,Decorative Arts,Timepiece,1908-17
142771,"House of Fabergé (Russian, 1842-1918)",Clock,1842,1918,Decorative Arts,Timepiece,1908-17
173965,"Edward Hopper (American, 1882-1967)",Lighthouse Village (also known as Cape Elizabeth),1882,1967,DR - American 20th Century,Drawing,1929
146977,Jacques Lipchitz,Detachable Figure (Dancer),,,Mod Euro - Sculpture 1800-1960,Sculpture,1915
93234,"Maurice Prendergast (American, 1858-1924)","On the Beach, No. 3",1858,1924,American - Painting,Painting,c. 1915-18
173111,"Charles Burchfield (American, 1893-1967)",White Violets and Coal Mine,1893,1967,DR - American 20th Century,Drawing,1918
162336,"Martin Puryear (American, b. 1941)",Alien Huddle,1941,,CONTEMP - Sculpture,Sculpture,1993–95
144968,"Sanford Robinson Gifford (American, 1823-1880)",A Home in the Wilderness,1823,1880,American - Painting,Painting,1866
173641,"William Adolphe Bouguereau (French, 1825-1905)",Rest,1825,1905,Mod Euro - Painting 1800-1960,Painting,1879
142605,"Robert Rauschenberg (American, 1925-2008)",Gloria,1925,2008,American - Painting,Painting,1956
153382,"Ernest Meissonier (French, 1815-1891)",On a Terrace,1815,1891,Mod Euro - Painting 1800-1960,Painting,1867
127573,"Rembrandt van Rijn (Dutch, 1606-1669)",A Bearded Man Wearing a Hat,1606,1669,P - Netherlandish-Dutch,Painting,c. 1655-1660
117028,"Giovanni Domenico Tiepolo (Italian, 1727-1804)",A Spring Shower,1727,1804,DR - Italian,Drawing,1790s-1804
141207,"Domenichino (Italian, 1581-1641)",Temperance,1581,1641,DR - Italian,Drawing,1628-30
142773,"House of Fabergé (Russian, 1842-1918)",Kremlin Tower Clock,1842,1918,Decorative Arts,Timepiece,c. 1913
172894,"Charles Demuth (American, 1883-1935)",Amaryllis,1883,1935,DR - American 20th Century,Drawing,c. 1923
134873,"Rufino Tamayo (Mexican, 1899-1991)",Self-Portrait,1899,1991,DR - Mexican,Drawing,1927
142723,"Peter Carl Fabergé (Russian, 1846-1920)",Lapis Lazuli Easter Egg,1846,1920,Decorative Arts,Miscellaneous,c. 1885-90
142723,"House of Fabergé (Russian, 1842-1918)",Lapis Lazuli Easter Egg,1842,1918,Decorative Arts,Miscellaneous,c. 1885-90
146147,"Antimenes Painter (Greek, Attic, active c. 530-510 BC)",Black-Figure Dinos (Mixing Vessel): Warships (Int.); Heroic Scenes (Top),,,GR - Greek,Ceramic,c. 520-515 BC
151517,"Peter Paul Rubens (Flemish, 1577-1640)","Study for ""The Bear Hunt"" (for the Alcázar, Madrid)",1577,1640,P - Netherlandish-Flemish,Painting,c. 1639
161789,"Frank Stella (American, b. 1936)",Çatal Hüyük (level VI B) Shrine VI B.1,1936,,CONTEMP - Sculpture,Sculpture,2001
147066,"Pablo Picasso (Spanish, 1881-1973)","Bottle, Glass, Fork",1881,1973,Mod Euro - Painting 1800-1960,Painting,1911–12
135407,"Perugino (Italian, c1450/55-1523)",Saint Sebastian,c1450/55,1523,DR - Italian,Drawing,c. 1493
117767,"Giovanni Battista Piazzetta (Italian, 1682-1754)",A Flying Angel (recto); Studies of Hands Playing Instruments (verso),1682,1754,DR - Italian,Drawing,1723-1727
127561,"William Blake (British, 1757-1827)",The Holy Family (also known as Christ in the Lap of Truth),1757,1827,DR - British,Drawing,c. 1805
125324,"Max Kalish (American, 1891-1945)",The Driller,1891,1945,American - Sculpture,Sculpture,c. 1926
149106,"Salvator Rosa (Italian, 1615-1673)",Scenes of Witchcraft: Day,1615,1673,P - Italian 16th & 17th Century,Painting,c. 1645-1649
307326,"Carlo Maratti (Italian, 1625-1713)",Portrait of Francesca Gommi Maratti,1625,1713,P - Italian 16th & 17th Century,Painting,c. 1701
123024,Master of Santa Chiara (Italian),Processional Cross,,,MED - Renaissance,Painting,c. 1320
141931,"Albrecht Dürer (German, 1471-1528)",Arm of Eve,1471,1528,DR - German,Drawing,1507
142731,"House of Fabergé (Russian, 1842-1918)",Flower Study of a Wild Rose,1842,1918,Decorative Arts,Miscellaneous,c. 1885-1915
142737,"House of Fabergé (Russian, 1842-1918)",Flower Study of a Lowbush Cranberry or Lingonberry,1842,1918,Decorative Arts,Miscellaneous,c. 1885-1915
142745,"House of Fabergé (Russian, 1842-1918)",Sleeping Puppies on a Mat,1842,1918,Decorative Arts,Miscellaneous,c. 1895-1915
159309,"Joseph-Marie Vien (French, 1716-1809)",Sweet Melancholy,1716,1809,P - French 18th Century,Painting,1756
136899,"Parri Spinelli (Italian, 1387-c. 1453)",Navicella (recto),1387,c. 1453,DR - Italian,Drawing,c. 1410s
143477,"John Frederick Kensett (American, 1816-1872)",An October Day in the White Mountains,1816,1872,American - Painting,Painting,1854
144732,"Frederic Edwin Church (American, 1826-1900)",Storm in the Mountains,1826,1900,American - Painting,Painting,1847
156048,"Agnes Martin (American, 1912-2004)",The City,1912,2004,CONTEMP - Painting,Painting,1966
143744,"Dirk Vellert (Netherlandish, 1480/85-1547)",The Judgment of Solomon,1480/85,1547,MED - Renaissance,Glass,c. 1530
110566,"Bernardo Strozzi (Italian, 1581?-1644)",Allegorical Figure,1581?,1644,P - Italian 16th & 17th Century,Painting,c. 1636
142749,"Henrik Wigström (Russian, 1862-1923)",Miniature Bathroom Chair (Bidet),1862,1923,Decorative Arts,Miscellaneous,1908-17
142749,"House of Fabergé (Russian, 1842-1918)",Miniature Bathroom Chair (Bidet),1842,1918,Decorative Arts,Miscellaneous,1908-17
150359,"Fernand Léger (French, 1881-1955)",The Aviator,1881,1955,Mod Euro - Painting 1800-1960,Painting,1920
118663,"Paolo Veronese (Italian, 1528-1588)",Various Sketches of the Madonna and Child (recto) Architectural Studies (verso) [partially visible on recto],1528,1588,DR - Italian,Drawing,c. 1570
111691,"Alessandro Magnasco (Italian, 1667-1749)",Interior of a Synagogue,1667,1749,P - Italian 18th Century,Painting,c. 1725-1735
169545,"Yi Taek-gyun (Korean, 1808-after 1883)",Books and Scholars’ Accouterments,1808,after 1883,ASIAN - Folding screen,Painting,late 1800s
135262,"Edgar Degas (French, 1834-1917)",Before the Race,1834,1917,DR - French,Drawing,c. 1887-1889
140426,"Pierre Puget (French, 1620-1694)",Study for The Blessed Alessandro Sauli,1620,1694,Sculpture,Sculpture,1663-1668
142752,"Johannes Zehngraf (Russian, 1857-1908)",Imperial Framed Miniatures,1857,1908,Decorative Arts,Portrait Miniature,1896
142752,"Mikhail Evlampievich Perkhin (Russian, 1860-1903)",Imperial Framed Miniatures,1860,1903,Decorative Arts,Portrait Miniature,1896
142752,"House of Fabergé (Russian, 1842-1918)",Imperial Framed Miniatures,1842,1918,Decorative Arts,Portrait Miniature,1896
142785,"Johan Viktor Aarne (Finnish, 1863-1934)",Imperial Barometer,1865,1934,Decorative Arts,Miscellaneous,1900-1901
142785,"House of Fabergé (Russian, 1842-1918)",Imperial Barometer,1842,1918,Decorative Arts,Miscellaneous,1900-1901
142292,"Augustin de Saint-Aubin (French, 1736-1807)",Costumed Dancers Performing in a Garden Tavern,1736,1807,DR - French,Drawing,1756
172524,"Haim Steinbach (American, 1944-)",Wild Things,1944,,CONTEMP - Sculpture,Sculpture,2011
142384,"Giovanni di Paolo (Italian, c. 1403-1482)",Predella Panel from an Altarpiece: St. Catherine of Siena Invested with the Dominican Habit,c. 1403,1482,MED - Medieval Art,Painting,1460s
132416,"Pablo Picasso (Spanish, 1881-1973)",Reclining Nude (Fernande),1881,1973,DR - Spanish,Drawing,1906
138515,"Jean-François Millet (French, 1814-1875)",First Steps,1814,1875,DR - French,Drawing,c. 1858-1866
148297,"Paul Gauguin (French, 1848-1903)",The Large Tree,1848,1903,Mod Euro - Painting 1800-1960,Painting,1891
129220,"Hans Baldung (German, 1484/85-1545)",The Mass of Saint Gregory,1484/85,1545,MED - Renaissance,Painting,1511
141927,"Benjamin Pyne (English, active 1693-1727)",Monteith Bowl,,,Decorative Arts,Silver,1715-16
142724,"Peter Carl Fabergé (Russian, 1846-1920)",Lapis Lazuli Easter Egg,1846,1920,Decorative Arts,Miscellaneous,c. 1885-90
142724,"House of Fabergé (Russian, 1842-1918)",Lapis Lazuli Easter Egg,1842,1918,Decorative Arts,Miscellaneous,c. 1885-90
142725,"Peter Carl Fabergé (Russian, 1846-1920)",Miniature Crown Surprise from the Lapis Lazuli Easter Egg,1846,1920,Decorative Arts,Miscellaneous,c. 1885-90
142725,"House of Fabergé (Russian, 1842-1918)",Miniature Crown Surprise from the Lapis Lazuli Easter Egg,1842,1918,Decorative Arts,Miscellaneous,c. 1885-90
142726,"Peter Carl Fabergé (Russian, 1846-1920)",Ruby or Pink Sapphire Surprise from the Lapis Lazuli Easter Egg,1846,1920,Decorative Arts,Miscellaneous,c. 1885-90
142726,"House of Fabergé (Russian, 1842-1918)",Ruby or Pink Sapphire Surprise from the Lapis Lazuli Easter Egg,1842,1918,Decorative Arts,Miscellaneous,c. 1885-90
142748,"House of Fabergé (Russian, 1842-1918)",Miniature Chair,1842,1918,Decorative Arts,Miscellaneous,1896-1906
294155,"William Blake (British, 1757-1827)",St. Matthew,1757,1827,P - British before 1800,Painting,1799
130150,"François Boucher (French, 1703-1770)",Fountain with Two Tritons Blowing Conch Shells,1703,1770,DR - French,Drawing,c. 1736
130528,"Edgar Degas (French, 1834-1917)",Diego Martelli,1834,1917,DR - French,Drawing,1879
173963,"Charles Burchfield (American, 1893-1967)",Setting Sun through the Catalpas (Late August Sunset),1893,1967,DR - American 20th Century,Drawing,"August 27, 1916"
135434,"Pablo Picasso (Spanish, 1881-1973)",Head of a Boy,1881,1973,DR - Spanish,Drawing,1905-6
108809,"Emil Carlsen (American, 1848-1932)",Wood Interior,1848,1932,American - Painting,Painting,c. 1910
130160,"Childe Hassam (American, 1859-1935)",Fifth Avenue,1859,1935,American - Painting,Painting,1919
122348,"Rembrandt van Rijn (Dutch, 1606-1669)",A Young Man with a Chain,1606,1669,P - Netherlandish-Dutch,Painting,c. 1629 or 1632
122348,Studio,A Young Man with a Chain,,,P - Netherlandish-Dutch,Painting,c. 1629 or 1632
144216,"Bartolomé Esteban Murillo (Spanish, 1617-1682)",Madonna Nursing the Christ Child,1617,1682,DR - Spanish,Drawing,c. 1670-72
122346,"Thomas Lawrence (British, 1769-1830)",Portrait of Charlotte and Sarah Carteret-Hardy,1769,1830,Mod Euro - Painting 1800-1960,Painting,1801
99429,"Robert Feke (American, c. 1707-1752)",Charles Apthorp,c. 1707,1752,American - Painting,Painting,1748
140413,"Joseph Matthias Götz (German, 1696-1760)",Altarpiece with Relics,1696,1760,Sculpture,Sculpture,c. 1735-1740
140413,Workshop,Altarpiece with Relics,,,Sculpture,Sculpture,c. 1735-1740
148008,"Antimenes Painter (Greek, Attic, active c. 530-510 BC)",Black-Figure Hydria (Water Vessel): Frontal Quadriga (Body); Theseus and Minotaur (Shoulder),,,GR - Greek,Ceramic,c. 520 BC
163645,"Theodore Roszak (American, 1907-1981)",White and Steel Polars,1907,1981,American - Sculpture,Sculpture,1945
160090,"Chuck Close (American, 1940-)",Paul III,1940,,CONTEMP - Painting,Painting,1996
152818,"Edouard Lievre (French, 1829-1886)",Wall Charger Depicting Two Birds,1829,1886,Decorative Arts,Enamel,1879
152818,"Fernand Thesmar (French, 1843-1912)",Wall Charger Depicting Two Birds,1843,1912,Decorative Arts,Enamel,1879
163042,"Charles Meynier (French, 1768-1832)","Apollo, God of Light, Eloquence, Poetry and the Fine Arts with Urania, Muse of Astronomy",1768,1832,Mod Euro - Painting 1800-1960,Painting,1798
163043,"Charles Meynier (French, 1768-1832)","Calliope, Muse of Epic Poetry",1768,1832,Mod Euro - Painting 1800-1960,Painting,1798
108555,"Nicolas Poussin (French, 1594-1665)",Nymphs and a Satyr (Amor Vincit Omnia),1594,1665,P - French 17th Century,Painting,c. 1625-1627
146727,"Antoine-Jean Gros (French, 1771-1835)","Egyptian Family (Sketch for ""The Battle of the Pyramids"")",1771,1835,Mod Euro - Painting 1800-1960,Painting,c. 1835
148861,"Hubert Robert (French, 1733-1808)","The Colonnade of St. Peter's, Rome, during the Conclave",1733,1808,P - French 18th Century,Painting,c.1769
157335,"Nancy Youngblood Lugo (American, 1955-)",Carved Vessel,,,AA - Native North America,Ceramic,1994
142735,"House of Fabergé (Russian, 1842-1918)",Flower Study of Forget-Me-Nots,1842,1918,Decorative Arts,Miscellaneous,c. 1885-1915
142736,"House of Fabergé (Russian, 1842-1918)",Flower Study of a Miniature Lily of the Valley,1842,1918,Decorative Arts,Miscellaneous,c. 1885-1915
142781,"Mikhail Evlampievich Perkhin (Russian, 1860-1903)",Miniature Table with Compass,1860,1903,Decorative Arts,Miscellaneous,c. 1890-95
142781,"House of Fabergé (Russian, 1842-1918)",Miniature Table with Compass,1842,1918,Decorative Arts,Miscellaneous,c. 1890-95
131791,"Jacob Jordaens (Flemish, 1593-1678)",The Conversion of Saul with Christ and the Cross,1593,1678,DR - Flemish,Drawing,c. 1645-47
122339,"Giovanni Battista Cima da Conegliano (Italian, ca. 1459-1518)",Virgin and Child with Saints and Donors,ca. 1459,1518,P - Italian 16th & 17th Century,Painting,c. 1515
122339,Workshop,Virgin and Child with Saints and Donors,,,P - Italian 16th & 17th Century,Painting,c. 1515
157104,"Johan Barthold Jongkind (Dutch, 1819-1891)",The Seine at Bas-Meudon,1819,1891,Mod Euro - Painting 1800-1960,Painting,1865
162295,"Fulchran Jean Harriet (French, 1778-1805)",Oedipus at Colonus,1778,1805,P - French 18th Century,Painting,1798
108884,"Nicholas Hilliard (British, c. 1547-1619)","Portrait of Sir Anthony Mildmay, Knight of Apethorpe, Northants",c. 1547,1619,P - British before 1800,Portrait Miniature,c. 1590–93
149377,"Raphael (Italian, 1483-1520)","Studies of a Seated Female, Child's Head, and Three Studies of a Baby",1483,1520,DR - Italian,Drawing,c. 1507–8
117774,"Jean-Baptiste Pater (French, 1695-1736)",Dancers in a Pavilion,1695,1736,P - French 18th Century,Painting,1720s
145473,"Laurent de La Hyre (French, 1606-1656)",The Kiss of Peace and Justice,1606,1656,P - French 17th Century,Painting,1654
141603,"Joan Miró (Spanish, 1893-1983)",Woman with Blond Armpit Combing Her Hair by the Light of the Stars (recto),1893,1983,DR - Spanish,Drawing,1940
164836,"Charles L. Sallée (American, 1911-2006)",Bedtime,1911,2006,American - Cleveland School,Painting,1940
117768,"Giovanni Battista Piazzetta (Italian, 1682-1754)",A Flying Angel (recto),1682,1754,DR - Italian,Drawing,1723-1727
124733,"Albrecht Dürer (German, 1471-1528)",Dead Blue Roller,1471,1528,DR - German,Drawing,1583
124733,"Hans Hoffmann (German, 1545/50-1591/92)",Dead Blue Roller,1545/50,1591/92,DR - German,Drawing,1583
122324,Fontana Family (Italian),Charger Depicting a Boar Hunt,,,Decorative Arts,Ceramic,c. 1575
142733,"House of Fabergé (Russian, 1842-1918)",Flower Study of a Violet,1842,1918,Decorative Arts,Miscellaneous,c. 1885-1915
142741,"House of Fabergé (Russian, 1842-1918)",Begging Poodle,1842,1918,Decorative Arts,Miscellaneous,c. 1895-1915
142744,"House of Fabergé (Russian, 1842-1918)",Bulldog,1842,1918,Decorative Arts,Miscellaneous,c. 1895-1915
142753,"Johannes Zehngraf (Russian, 1857-1908)",Imperial Framed Miniature of Tsar Nicholas II,1857,1908,Decorative Arts,Portrait Miniature,1896
142753,"Mikhail Evlampievich Perkhin (Russian, 1860-1903)",Imperial Framed Miniature of Tsar Nicholas II,1860,1903,Decorative Arts,Portrait Miniature,1896
142753,"House of Fabergé, (Russian, 1842-1918)",Imperial Framed Miniature of Tsar Nicholas II,,,Decorative Arts,Portrait Miniature,1896
130646,Saint-Porchaire (French),Ewer,,,Decorative Arts,Ceramic,c. 1540–67
174043,"John George Brown (American, 1831-1913)",Boat Builder,1831,1913,American - Painting,Painting,c. 1904
165570,"Ilse Bing (American, 1899-1998)","The Swing, Paris Fair",1899,1998,PH - American 1900-1950,Photograph,1933
143772,"Asher Brown Durand (American, 1796-1886)",Trees on a Rocky Hillside,1796,1886,American - Painting,Painting,c. 1849
99443,"Joseph Badger (American, 1708-1765)",Jeremiah Belknap,1708,1765,American - Painting,Painting,c. 1758
100489,"Gilbert Stuart (American, 1755-1828)",Baron FitzGibbon,1755,1828,American - Painting,Painting,1789
127235,"Pierre-Auguste Renoir (French, 1841-1919)",Peasant Girl with Dog,1841,1919,DR - French,Drawing,c. 1894
149378,"Rembrandt van Rijn (Dutch, 1606-1669)",Shah Jahan,1606,1669,DR - Dutch,Drawing,c. 1656-1661
160195,"Edward Ruscha (American, 1937-)",Bronson Tropics,1937,,DR - American 20th Century,Drawing,1965
141484,"Zhou Chen (Chinese, c. 1450-c. 1536)",Beggars and Street Characters,1445,1541,ASIAN - Handscroll,Painting,1516
129492,"Master of the Geneva Latini (French, active Rouen, 1460-80)",Book of Hours (Use of Rouen),,1480,MED - Manuscript Illuminations,Manuscript,c. 1470
167456,"Raymond Jonson (American, 1891-1982)",Rock at Sea,1891,1982,American - Painting,Painting,1920-1922
144338,"Julian Stanczak (American, 1928-2017)",Filtered Yellow,1928,2017,CONTEMP - Painting,Painting,1968
152263,"Tanzio da Varallo (Italian, c1575/80-1635)",Portrait of a Man,c1575/80,1635,P - Italian 16th & 17th Century,Painting,c. 1620
320778,,Banks of the Oise at Dawn,,,Mod Euro - Painting 1800-1960,Painting,1888
320778,"Louis Hayet (French, 1864-1940)",Banks of the Oise at Dawn,1864,1940,Mod Euro - Painting 1800-1960,Painting,1888
128808,"Edgar Degas (French, 1834-1917)",Sheet of Studies and Sketches,1834,1917,DR - French,Drawing,1858
320493,"John Woodrow Wilson (American, 1922-2015)",Nefertiti,1922,2015,DR - American 20th Century,Drawing,1973
124256,"Jean-Léon Gérôme (French, 1824-1904)",Lion on the Watch,1824,1904,Mod Euro - Painting 1800-1960,Painting,c. 1885
148368,,English Warship Firing a Salute,,,P - Netherlandish-Dutch,Painting,1690
149399,"Jean-Etienne Liotard (Swiss, 1702-1789)",François Tronchin,1702,1789,DR - Swiss,Drawing,1757
94965,"Giuliano da Maiano (Italian, 1432-1490)",Upper Paneling from a Sacristy Armoire,1432,1490,MED - Renaissance,Furniture and woodwork,c. 1460-1475
99445,"Benjamin West (American, 1738-1820)",British Manufactory; A Sketch,1738,1820,American - Painting,Painting,1791
142559,"Giovanni di Paolo (Italian, c. 1403-1482)",St. Catherine of Siena and the Beggar,c. 1403,1482,MED - Medieval Art,Painting,1460s
97797,"Auguste Rodin (French, 1840-1917)",The Thinker,1840,1917,Mod Euro - Sculpture 1800-1960,Sculpture,1880-1881
124080,"Thomas Gainsborough (British, 1727-1788)",Portrait of Mary Wise,1727,1788,P - British before 1800,Painting,c. 1774
112586,"Giulio Campagnola (Italian, 1482-1515)",Venus Reclining in a Landscape,1482,1515,PR - Engraving,Print,c. 1508–9
118664,"Paolo Veronese (Italian, 1528-1588)",Various Sketches of the Madonna and Child (recto),1528,1588,DR - Italian,Drawing,c. 1580
109507,"Paolo Veronese (Italian, 1528-1588)",Portrait of Agostino Barbarigo,1528,1588,P - Italian 16th & 17th Century,Painting,after c. 1571
142732,"Henrik Wigström (Russian, 1862-1923)",Flower Study of an Anemone,1862,1923,Decorative Arts,Miscellaneous,c. 1905-15
142732,"House of Fabergé (Russian, 1842-1918)",Flower Study of an Anemone,1842,1918,Decorative Arts,Miscellaneous,c. 1905-15
142759,"House of Fabergé (Russian, 1842-1918)",Lacquer Box,1842,1918,Decorative Arts,Miscellaneous,c. 1890
142759,Factory N. Lukutin (Russian),Lacquer Box,,,Decorative Arts,Miscellaneous,c. 1890
142761,"Feodor Ivanovich Rückert (Russian, 1840-1917)",Pill or Snuff Box,1840,1917,Decorative Arts,Miscellaneous,1906-16
142761,"House of Fabergé (Russian, 1842-1918)",Pill or Snuff Box,1842,1918,Decorative Arts,Miscellaneous,1906-16
142769,"House of Fabergé (Russian, 1842-1918)",Turtle Bell Push,1842,1918,Decorative Arts,Miscellaneous,c. 1895-1915
142772,"Henrik Wigström (Russian, 1862-1923)",Clock,1862,1923,Decorative Arts,Timepiece,c. 1905-15
142772,"House of Fabergé (Russian, 1842-1918)",Clock,1842,1918,Decorative Arts,Timepiece,c. 1905-15
108501,"Albrecht Dürer (German, 1471-1528)",Melencolia I,1471,1528,PR - Engraving,Print,1514
131790,"Jacob Jordaens (Flemish, 1593-1678)",The Conversion of Saul with Horseman and Banner,1593,1678,DR - Flemish,Drawing,c. 1645-1647
141929,"Bartolomé Esteban Murillo (Spanish, 1617-1682)",Laban Searching for his Stolen Household Gods,1617,1682,P - Spanish before 1800,Painting,c. 1665-1670
118679,"Jacopo Bassano (Italian, ca. 1510-1592)",Lazarus and the Rich Man,ca. 1510,1592,P - Italian 16th & 17th Century,Painting,c. 1550
143756,"Georges Braque (French, 1882-1963)",Violin,1882,1963,DR - French,Drawing,early 1914
143898,,Ancestral Altar Tusk,,,African Art,Sculpture,c. 1820
153366,"Bernard Palissy (French, 1510-1589)",Platter,1510,1589,Decorative Arts,Ceramic,late 1500s
154244,"Ferdinand Georg Waldmüller (Austrian, 1793-1865)",Countess Széchenyi,1793,1865,Mod Euro - Painting 1800-1960,Painting,1828
159583,"Raphael Gleitsmann (American, 1910-1995)",The White Dam,1910,1995,American - Cleveland School,Painting,1939
97971,"Bristol Porcelain Factory (British, 1770-81)",Figures Depicting the Four Seasons,,,Decorative Arts,Ceramic,c. 1775
97997,"Derby Porcelain Factory (Chelsea-Derby Period, 1770-84)",Pair of Candelabra Depicting Allegorical Figures of Liberty and Matrimony,,,Decorative Arts,Ceramic,c. 1775
123293,"José Clemente Orozco (Mexican, 1883-1949)",Loot,1883,1949,DR - Mexican,Drawing,c. 1915
142806,"George Grosz (German, 1893-1959)","Student (Costume Study for Goll's ""Methusalem"") (recto) Amalie, Ida, and Set Designs (Studies for Goll's ""Methusalem"") (verso)",1893,1959,DR - German,Drawing,1922
122341,"François Hubert Drouais (French, 1727-1775)",Portrait of the Marquise d'Aguirandes,1727,1775,P - French 18th Century,Painting,1759
159536,"Pompeo della Cesa (Italian, active 1572-93)",Half Armor for the Foot Tournament,,1593,MED - Arms & Armor,Arms and Armor,c. 1590
111527,"Cleveland Painter (name vase; Greek, Attic, active c. 470-460 BC)",Red-Figure Column Krater (Mixing Vessel): Apollo and Goddesses with Chariot (A); Komos (Revel) (B),-515,-420,GR - Greek,Ceramic,c. 470-460 BC
128285,"Wolfgang Huber (Austrian, 1490-1553)",View of a Castle (recto); Eight-Sided Cup (verso),1490,1553,DR - Austrian,Drawing,1513
160089,Herter Brothers (American),Fire Screen,,,Furniture,Furniture and woodwork,c. 1878-80
105933,Maître François (French),Single Miniature Excised from Boccaccio's Des Cleres et nobles femmes: Queen Medusa and Her Court,,,MED - Manuscript Illuminations,Manuscript,c. 1470
109141,"Henri Matisse (French, 1869-1954)",Reclining Odalisque,1869,1954,DR - French,Drawing,c. 1923
132616,"Giovanna Garzoni (Italian, 1600-1670)",Still Life with Birds and Fruit,1600,1670,DR - Italian,Drawing,c. 1650
147393,"Winslow Homer (American, 1836-1910)",Leaping Trout,1836,1910,DR - American 19th Century,Drawing,1889
118157,"John La Farge (American, 1835-1910)",A Rishi Stirring Up a Storm,1835,1910,DR - American 19th Century,Drawing,1897
151516,"Alex Katz (American, b. 1927)",Impala,1927,,CONTEMP - Painting,Painting,1968
108452,"Maurice Prendergast (American, 1858-1924)","May Day, Central Park",1858,1924,DR - American 19th Century,Drawing,1901
170082,"Henry Church (American, 1836-1908)",Self-Portrait with Five Muses,1836,1908,American - Cleveland School,Painting,c. 1880
106088,"Winslow Homer (American, 1836-1910)",Early Morning After a Storm at Sea,1836,1910,American - Painting,Painting,1900-1903
162623,"Frans Pourbus (Flemish, 1569-1622)",Portrait of King Louis XIII of France,1569,1622,P - Netherlandish-Flemish,Painting,1611
105614,"Edith Barretto Stevens Parsons (American, 1878-1956)",Turtle Baby,1878,1956,American - Sculpture,Sculpture,c. 1910-1916
117714,"Worcester Porcelain Factory (British, established 1751)",Punch Bowl,,,Decorative Arts,Ceramic,c. 1770
172588,"Rachel Harrison (American, b. 1966)",Hans Haacke with Sculpture,1966,,CONTEMP - Sculpture,Mixed Media,2005
124521,"William Sommer (American, 1867-1949)",The Pool (recto),1867,1949,American - Cleveland School,Painting,c. 1916–19
141641,"William Michael Harnett (American, 1848-1892)","Memento Mori, ""To This Favour""",1848,1892,American - Painting,Painting,1879
142768,"House of Fabergé (Russian, 1842-1918)",Bell Push,1842,1918,Decorative Arts,Miscellaneous,c. 1895-1915
130051,Hausbuch Master (German),Gospel Book with Evangelist Portraits,,1500,MED - Manuscript Illuminations,Bound Volume,c. 1480
150174,"Charles Demuth (American, 1883-1935)",Dancing Sailors,1883,1935,DR - American 20th Century,Drawing,1917
154270,"Brygos Painter (Greek, Attic, active c. 490-470 BC)",Red-Figure Ram-Head Rhyton (Drinking Vessel): Symposiasts; Satyr and Maenad,,,GR - Greek,Ceramic,c. 480-470 BC
138763,"Arshile Gorky (American, 1904-1948)",Untitled,1904,1948,American - Painting,Painting,1944
122323,Fontana Family (Italian),Charger Depicting a Chariot Race,,,Decorative Arts,Ceramic,c. 1575
148366,"Jacob Duck (Dutch, c. 1600-1667)",Salome with the Head of Saint John the Baptist,c. 1600,1667,P - Netherlandish-Dutch,Painting,mid-1600s
78982,"Johann König (German, 1586-1642)",The Resurrection of Christ,1586,1642,P - German before 1800,Painting,1622
136295,"Ren Renfa (Chinese, 1254-1328)",Three Horses and Four Grooms,1254,1328,ASIAN - Handscroll,Painting,c. 1320s
124084,"Nicolas Lancret (French, 1690-1743)",Declaration of Love,1690,1743,P - French 18th Century,Painting,c. 1720
84662,"Maurice Denis (French, 1870-1943)",The Orange Christ,1870,1943,Mod Euro - Painting 1800-1960,Painting,1889
150693,"Giovanni Segantini (Italian, 1858-1899)",Pine Tree,1858,1899,Mod Euro - Painting 1800-1960,Painting,c. 1897
146469,"Agnolo Bronzino (Italian, 1503-1572)",Portrait of a Woman,1503,1572,P - Italian 16th & 17th Century,Painting,c. 1550
171078,"Henry Bone (British, 1755-1834)",Bacchus and Ariadne,1755,1834,Mod Euro - Painting 1800-1960,Miniature,1808-1811
171078,"Titian (Italian, c. 1488-1576)",Bacchus and Ariadne,c. 1488,1576,Mod Euro - Painting 1800-1960,Miniature,1808-1811
168133,"Hughie Lee-Smith (American, 1915-1999)",Rooftop,1915,1999,American - Painting,Painting,1957
338399,"Jenny Holzer (American, 1950-)",Laments: Death came and he looked like...,1950,,CONTEMP - Sculpture,Mixed Media,1987
375548,"Jenny Holzer (American, 1950-)",Laments: Death came and he looked like... (Sarcophagus lid),1950,,CONTEMP - Sculpture,Mixed Media,1987
124130,the Patanazzi Family (Italian),Pair of Saltcellars,,,Decorative Arts,Ceramic,c. 1570-90
142728,"House of Fabergé (Russian, 1842-1918)",Flower Study of a Pansy,1842,1918,Decorative Arts,Miscellaneous,c. 1885-1915
142809,"Feodor Ivanovich Rückert (Russian, 1840-1917)",Tea Service,1840,1917,Decorative Arts,Miscellaneous,1887-96
142809,"House of Fabergé (Russian, 1842-1918)",Tea Service,1842,1918,Decorative Arts,Miscellaneous,1887-96
134236,"Edouard Manet (French, 1832-1883)",Claire Campbell,1832,1883,DR - French,Drawing,1882
135875,"Philippe de Champaigne (French, 1602-1674)",Portrait of King Charles II of England,1602,1674,P - French 17th Century,Painting,1653
124796,"Giovanni Battista Tiepolo (Italian, 1696-1770)","Study for ""The Martyrdom of Saint Sebastian"" (for the Augustinian monastery at Diessen, Germany)",1696,1770,P - Italian 18th Century,Painting,1739
93160,"Tiffany Studios (American, New York, 1902–1932)",Indian Basket Lamp ,1902,1932,Decorative Arts,Lamp,c. 1902-10
142807,"George Grosz (German, 1893-1959)","Student (Costume Study for Goll's ""Methusalem"") (recto)",1893,1959,DR - German,Drawing,1922
130392,"Nicolas Poussin (French, 1594-1665)",The Return of the Holy Family to Nazareth,1594,1665,P - French 17th Century,Painting,c. 1627
138369,"Eugène Delacroix (French, 1798-1863)",Mlle. Alexandrine-Julie de la Boutraye,1798,1863,Mod Euro - Painting 1800-1960,Painting,c. 1832-1834
106094,"Sano di Pietro (Italian, 1406-1481)",Virgin and Child Adored by Saints Mary Magdalene and Nicolas of Bari;  Christ Crucified with the Virgin and Saint John the Evangelist,1406,1481,MED - Medieval Art,Painting,1400s
147447,"Cornelis Jonson (called Jonson van Ceulen) (British, 1593-1661)","Portrait of a Woman, possibly Elizabeth Boothby",1593,1661,P - British before 1800,Painting,1619
149421,"Rosa Bonheur (French, 1822-1899)",The Farm at the Entrance of the Wood,1822,1899,Mod Euro - Painting 1800-1960,Painting,1860-1880
131584,"Peter Paul Rubens (Flemish, 1577-1640)",The Feast of Herod (recto),1577,1640,DR - Flemish,Drawing,c. 1637-1638
149978,"John Singleton Copley (American, 1738-1815)",Anna Dummer Powell,1738,1815,American - Painting,Painting,1764
151515,"André Derain (French, 1880-1954)",The Houses of Parliament from Westminster Bridge,1880,1954,Mod Euro - Painting 1800-1960,Painting,1906
168514,"Edwin Mieczkowski (American, 1929-2017)",Blue Bloc,1929,2017,CONTEMP - Painting,Painting,1967
119701,"Bartolomeo Veneto (Italian, 1531)",Portrait of a Man,,1531,P - Italian 16th & 17th Century,Painting,c. 1510s
97998,"Derby Porcelain Factory (Chelsea-Derby Period, 1770-84)",Candelabrum Depicting an Allegorical Figure of Matrimony,,,Decorative Arts,Ceramic,c. 1775
97999,"Derby Porcelain Factory (Chelsea-Derby Period, 1770-84)",Candelabrum Depicting an Allegorical Figure of Liberty,,,Decorative Arts,Ceramic,c. 1775
117644,Master of Rabenden (German),Vesperbild (Pietà),,,MED - Gothic,Sculpture,c. 1515-20
128390,"Dieric Bouts (Netherlandish, 1415-1475)",Saint John the Baptist,1415,1475,MED - Medieval Art,Painting,c. 1475-1485
141936,"Eastman Johnson (American, 1824-1906)",Portrait of Genio C. Scott,1824,1906,American - Painting,Painting,1859
156887,"Gabriele Münter (German, 1877-1962)",Future (Woman in Stockholm),1877,1962,Mod Euro - Painting 1800-1960,Painting,1917
160914,"Alexander Calder (American, 1898-1976)",Two Systems,1898,1976,American - Sculpture,Sculpture,c.1946
315934,"Jacob van Hulsdonck (Flemish, 1582-1647)","Still Life with Meat, Fish, Vegetables, and Fruit",1582,1647,P - Netherlandish-Flemish,Painting,c. 1615–20
147526,"Jacques-Louis David (French, 1748-1825)",The Prisoner,1748,1825,DR - French,Drawing,1819
155626,"Camille Pissarro (French, 1830-1903)",The Lock at Pontoise,1830,1903,Mod Euro - Painting 1800-1960,Painting,1872
152699,"Asteas/Python Workshop (South Italian, Paestan, active c. 360-320 BC)","Red-Figure Fish Plate: Octopi, Mullet, Bream, Shellfish",-430,-370,GR - South Italy,Ceramic,c. 340-330 BC
117030,"Joseph Paelinck (Belgian, 1781-1839)",Self-Portrait,1781,1839,Mod Euro - Painting 1800-1960,Painting,c. 1812
139454,"Sōami (Japanese, d. 1525)",Landscape,,1525,ASIAN - Hanging scroll,Painting,early 1500s
150955,"Giovanni Battista Pittoni (Italian, 1687-1767)",Saints Presenting a Devout Woman to the Virgin and Child,1687,1767,P - Italian 18th Century,Painting,1720s
129182,"Francesco Guardi (Italian, 1712-1793)","Piazza San Marco, Venice",1712,1793,DR - Italian,Drawing,1780s
136463,"Tao Cheng (Chinese, active c. 1471–after 1502)",Chrysanthemums and Cabbage,,,ASIAN - Handscroll,Painting,c. 1486 or before
154305,"Anne-Louis Girodet de Roucy-Trioson (French, 1767-1824)",The Meeting of Orestes and Hermione,1767,1824,DR - French,Drawing,c. 1800
115783,Master of Heiligenkreuz (Austrian),Death of the Virgin,,,MED - Medieval Art,Painting,c. 1400
143748,"George Minne (Belgian, 1866-1941)",Solidarity,1866,1941,Mod Euro - Sculpture 1800-1960,Sculpture,1898
143819,"Paul Storr (British, 1771-1844)",Covered Tureen on Stand,1771,1844,Decorative Arts,Silver,1812
151884,"Carlo Bugatti (Italian, 1856-1940)",Cabinet,1856,1940,Furniture,Furniture and woodwork,c. 1895
161595,"Hippolyte Jean Flandrin (French, 1809-1864)",René-Charles Dassy and His Brother Jean-Baptiste-Claude-Amédé Dassy,1809,1864,Mod Euro - Painting 1800-1960,Painting,1850
148214,"Pablo Picasso (Spanish, 1881-1973)",Harlequin with Violin,1881,1973,Mod Euro - Painting 1800-1960,Painting,1918
125091,"Eugène Boudin (French, 1824-1898)",The Beach at Deauville,1824,1898,Mod Euro - Painting 1800-1960,Painting,1864
154253,Robertson's Group,Heron-Shaped Figure Vase (Oil Vessel),,,GR - Greek,Ceramic,c. 580 BC
144721,"Frantisek Kupka (Czech, 1871-1957)",Amorpha: Fugue in Two Colors II,1871,1957,Mod Euro - Painting 1800-1960,Painting,1910-1911
149388,"Pablo Picasso (Spanish, 1881-1973)",Still Life with Biscuits,1881,1973,Mod Euro - Painting 1800-1960,Painting,1924
97973,"Bristol Porcelain Factory (British, 1770-81)",Figure of Spring from the Four Seasons,,,Decorative Arts,Ceramic,c. 1775
97974,"Bristol Porcelain Factory (British, 1770-81)",Figure of Summer from the Four Seasons,,,Decorative Arts,Ceramic,c. 1775
105616,"Augustus Saint-Gaudens (American, 1848-1907)",Amor Caritas,1848,1907,American - Sculpture,Sculpture,"modeled 1898, cast after 1898"
122537,"Malvina Hoffman (American, 1887-1966)",Boy and Panther Cub,1887,1966,American - Sculpture,Sculpture,1915
128112,"The Bedford Master (French, Paris, active c. 1405-30)",Book of Hours (Use of Paris),,,MED - Manuscript Illuminations,Bound Volume,c. 1420
142798,"House of Fabergé (Russian, 1842-1918)",Pair of Candelabra,1842,1918,Decorative Arts,Silver,1887-90
142798,"Julius Alexandrovitch Rappoport (Russian, 1864-1916)",Pair of Candelabra,1864,1916,Decorative Arts,Silver,1887-90
147980,"Louise Nevelson (American, 1900-1988)",Sky Cathedral-Moon Garden Wall,1900,1988,American - Sculpture,Sculpture,1956-1960
167667,"Alice Neel (American, 1900-1984)",Jackie Curtis and Ritta Redd,1900,1984,CONTEMP - Painting,Painting,1970
131789,"Henry Fuseli (Swiss, 1741-1825)",Satan Starts from the Touch of Ithuriel's Spear,1741,1825,DR - British,Drawing,1776
96262,"Thomas Sully (American, 1783-1872)",Portraits of Jean Terford David and Mary Sicard David,1783,1872,American - Painting,Painting,1813
104693,Master of the Royal Plantagenet Workshop (French),"The ""Spitzer Cross""",,,MED - Gothic,Enamel,c. 1190
169862,"Fred Wilson (American, b. 1954)",To Die Upon a Kiss,1954,,CONTEMP - Installation Media,Sculpture,2011
163448,"Praxiteles (Greek, c. 400BC-c. 330BC)",Apollo the Python-Slayer,c. 400BC,c. 330BC,GR - Greek,Sculpture,c. 350 BC
127221,"André-Charles Boulle (French, 1642-1732)",Cabinet,1642,1732,Furniture,Furniture and woodwork,c. 1690
296871,"Thomas Chippendale (British, 1718-1779)",Pair of Candle Stands (torchères),1718,1779,Decorative Arts,Furniture and woodwork,c. 1773
134099,"Charles de La Fosse (French, 1636-1716)",St. John the Evangelist,1636,1716,DR - French,Drawing,c. 1700-1702
149684,"Fang Shishu (Chinese, 1693-1751)",The Ninth Day Literary Gathering at Xing’an,1693,1751,ASIAN - Handscroll,Painting,1743
149684,"Ye Fanglin (Chinese, late 1600s-mid-1700s)",The Ninth Day Literary Gathering at Xing’an,,,ASIAN - Handscroll,Painting,1743
143776,"Xie Shichen (Chinese, 1487-after 1567)",Clouds and Waves at the Wu Gorge,1487,1572,ASIAN - Hanging scroll,Painting,c. 1547-67
142459,"Sceaux Factory (French, active 1748-66)",Box in the Form of Asparagus,1748,1766,Decorative Arts,Ceramic,c. 1765
312739,"Liu Jing (Chinese, b. 1983)","Master Series, Four Portraits of Masters of Modern Art: Yan Wenliang (1893-1988), Pan Tianshou (1897-1971), Shi Lu (1919-1982) and Qi Baishi (1864-1954)",1983,,Chinese Art,Print,2017
293323,"Zeng Xiaojun (Chinese, b. 1954)",Poetic Pattern of Song Ware,1954,,Drawings,Drawing,2016
119614,"Michelangelo Buonarroti (Italian, 1475-1564)",Study for the Nude Youth over the Prophet Daniel (recto); Figure Studies for the Sistine Ceiling (verso),1475,1564,DR - Italian,Drawing,1510-11
147607,"Jean-Siméon Chardin (French, 1699-1779)",Still Life with Herrings,1699,1779,P - French 18th Century,Painting,c. 1735
97957,"Chelsea Porcelain Factory (Britain, London, 1745-84)",Pairs of Figures from the Four Continents,,,Decorative Arts,Ceramic,c. 1760
109137,"Camille Pissarro (French, 1830-1903)",The Mender,1830,1903,DR - French,Drawing,c. 1881
111470,"Henri Rousseau (French, 1844-1910)",Outskirts of Paris,1844,1910,Mod Euro - Painting 1800-1960,Painting,c. 1897-1905
131337,"Winslow Homer (American, 1836-1910)",Boy with Anchor,1836,1910,DR - American 19th Century,Drawing,1873
124200,"Maestro Giorgio Andreoli (Italian, 1465?-1553)",Charger Depicting the Three Graces,1465-70,aft 1553,Decorative Arts,Ceramic,c. 1525
167464,"Guillaume Le Rouge (French, Paris, active 1493-1517)",Printed Book of Hours (Use of Rome),,1517,MED - Manuscript Illuminations,Bound Volume,1510
296825,"Jan Crocq (Netherlandish, act. 1486-1510)",Saint John the Baptist,1456,,MED - Gothic,Sculpture,c. 1500
147020,"Valentin de Boulogne (French, 1594-1632)",Samson,1594,1632,P - French 17th Century,Painting,c. 1630
136571,"Franz Kline (American, 1910-1962)",Black and White,1910,1962,DR - American 20th Century,Drawing,1954
143142,"Antonio del Pollaiuolo (Italian, 1431/32-1498)",Battle of the Nudes,1431/32,1498,PR - Engraving,Print,1470s–80s
99259,"Josiah Wedgwood and Sons (Britain, Staffordshire, est. 1759)",Portland Vase,,,Decorative Arts,Ceramic,c.1790
122326,"Francesco Xanto Avelli (Italian, 1487?-1544?)",Plate with Arms of the Pucci Family,1486/87,c. 1544,Decorative Arts,Ceramic,1532
122327,"Francesco Xanto Avelli (Italian, 1487?-1544?)",Plate with the Arms of the Pucci Family,1486/87,c. 1544,Decorative Arts,Ceramic,1532
124260,"José Clemente Orozco (Mexican, 1883-1949)","Study for the Mural “Aboriginal Races” (for the National Preparatory School, Mexico City)",1883,1949,DR - Mexican,Drawing,1926
142777,"Mikhail Evlampievich Perkhin (Russian, 1860-1903)",Miniature Teapot,1860,1903,Decorative Arts,Miscellaneous,1886-96
142777,"House of Fabergé (Russian, 1842-1918)",Miniature Teapot,1842,1918,Decorative Arts,Miscellaneous,1886-96
296866,,Dance staff for Èṣù,,,African Art,Sculpture,1800s
172784,"Georgia O'Keeffe (American, 1887-1986)",White Flower,1887,1986,American - Painting,Painting,1929
114537,"Diego Rivera (Mexican, 1886-1957)",The Fruits of Labor,1886,1957,PR - Lithograph,Print,1932
114537,"George C. Miller (American, 1894-1966)",The Fruits of Labor,1894,1966,PR - Lithograph,Print,1932
114537,Weyhe Gallery,The Fruits of Labor,,,PR - Lithograph,Print,1932
146795,"Diego Rivera (Mexican, 1886-1957)",Boy and Dog,1886,1957,PR - Lithograph,Print,1932
146795,"George C. Miller (American, 1894-1966)",Boy and Dog,1894,1966,PR - Lithograph,Print,1932
146795,Weyhe Gallery,Boy and Dog,,,PR - Lithograph,Print,1932
146796,"Diego Rivera (Mexican, 1886-1957)",Flower Market,1886,1957,PR - Lithograph,Print,1930
146796,Weyhe Gallery,Flower Market,,,PR - Lithograph,Print,1930
163456,"Fitz Henry Lane (American, 1804-1865)","Harbor of Boston, with the City in the Distance",1804,1865,American - Painting,Painting,c. 1846-1847
172539,"Fidencio Fifield-Perez (Mexican, b. 1990)",Brothers Collecting Shells,1990,,PR - Linocut,Print,2013
132644,"Francesco Guardi (Italian, 1712-1793)","A Procession of Triumphal Cars in the Piazza San Marco, Venice, Celebrating the Visit of the Conti del Nord (recto) Three Sketches of Arches (verso)",1712,1793,DR - Italian,Drawing,1782
95275,"Jean Baptiste Camille Corot (French, 1796-1875)",Willows and Farmhouse at Sainte-Catherine-lès-Arras,1796,1875,Mod Euro - Painting 1800-1960,Painting,1871
151544,"Maurice Quentin de La Tour (French, 1704-1788)","Jacques Dumont, called Le Romain",1704,1788,DR - French,Drawing,c. 1742
143462,"Zhao Zhong (Chinese, second half of the 1300s)",Ink Flowers,1345,1405,ASIAN - Handscroll,Painting,1361
150501,"François Boucher (French, 1703-1770)",The Departure of Jacob,1703,1770,DR - French,Drawing,c. 1755
119615,"Michelangelo Buonarroti (Italian, 1475-1564)",Study for the Nude Youth over the Prophet Daniel (recto),1475,1564,DR - Italian,Drawing,1510-1511
94974,"Antimenes Painter (Greek, Attic, active c. 530-510 BC)",Fragment from Black-Figure Neck-Amphora of Panathenaic Shape (Storage Vessel): Apollo and Zeus,,,GR - Greek,Ceramic,c. 520 BC
94978,"Antimenes Painter (Greek, Attic, active c. 530-510 BC)",Fragment from Black-Figure Neck-Amphora of Panathenaic Shape (Storage Vessel): Apollo with Lyre,,,GR - Greek,Ceramic,c. 520 BC
117503,Master of Elsloo (Netherlandish),Saint Andrew,,,MED - Gothic,Sculpture,c. 1515-1520
393706,"Benjamin Pyne (English, active 1693-1727)",Bowl,,,Decorative Arts,Silver,1715-16
393707,"Benjamin Pyne (English, active 1693-1727)",Rim for a Monteith Bowl,,,Decorative Arts,Silver,1715-16
109495,"Claude Lorrain (French, 1604-1682)",View of the Acqua Acetosa (recto),1604,1682,DR - French,Drawing,c. 1645
128459,"Tawaraya Sōtatsu (Japanese, c. 1570-c. 1640)",The Beach at Sumiyoshi from the Tales of Ise,c. 1570,c. 1640,ASIAN - Album leaf,Painting,c. 1634
135469,"Odilon Redon (French, 1840-1916)",Vase of Flowers,1840,1916,DR - French,Drawing,1916
135592,"Sesson Shūkei (Japanese, 1504-1589)",Dragon and Tiger,1504,1589,ASIAN - Folding screen,Painting,mid- to late 1500s
143283,"Johann Wolfgang Baumgartner (German, 1712-1761)",Saint Deicolus and the Boar,1712,1761,DR - German,Drawing,1747-48
148672,"Edgar Degas (French, 1834-1917)",Angel Blowing a Trumpet,1834,1917,DR - French,Drawing,1857-1859
160084,"Jusepe de Ribera (Spanish, 1591-1652)",St. Sebastian,1591,1652,DR - Spanish,Drawing,1626-30
143206,"Hyacinthe Rigaud (French, 1659-1743)",Portrait of Cardinal Guillaume Dubois,1659,1743,P - French 18th Century,Painting,1723
134949,"Alessandro Algardi (Italian, 1598-1654)",Portrait of Pope Innocent X Pamphili,1598,1654,Sculpture,Sculpture,designed 1647-1648; cast 1650-1700
109291,The Bateman Group,Black-Figure Amphora (Type B; Storage Vessel): Battling Warriors (A); Dionysos and Satyrs (B),,,GR - Greek,Ceramic,c. 530-520 BC
109291,"Lysippides Painter (Greek, Attic, active c. 530-515 BC)",Black-Figure Amphora (Type B; Storage Vessel): Battling Warriors (A); Dionysos and Satyrs (B),,,GR - Greek,Ceramic,c. 530-520 BC
125895,"Frans Hals (Dutch, c. 1581-1666)","Portrait of a Woman, probably Aeltje Dircksdr. Pater",c. 1581,1666,P - Netherlandish-Dutch,Painting,1638
170835,Bishandas (Indian),Nur Jahan Holding a Portrait of Emperor Jahangir,,,Indian Art - Mughal,Painting,c. 1627
160138,"Xu Ben (Chinese, 1335-1380)",Streams and Mountains,1335,1380,ASIAN - Hanging scroll,Painting,1372
101358,"Hashim (Indian, active 1598-c.1650)",Shah Jahan,,,Indian Art,Painting,c. 1630
128286,"Wolfgang Huber (Austrian, 1490-1553)",View of a Castle (recto),1490,1553,DR - Austrian,Drawing,1513
108537,"Pietro Vannini (Italian, 1413/14-1495/96)",Processional Cross,1413/14,1495/96,MED - Renaissance,Metalwork,c. 1440-1450
146725,"Antoine-Jean Gros (French, 1771-1835)","General Jean-Baptiste Kléber and Egyptian Family (Sketches for ""The Battle of the Pyramids"") ",1771,1835,Mod Euro - Painting 1800-1960,Painting,c. 1835
95327,"Jean-Baptiste Oudry (French, 1686-1755)",Small Sword,1686,1755,MED - Arms & Armor,Arms and Armor,c.1750-1760
97972,"Bristol Porcelain Factory (British, 1770-81)",Figure of Autumn from the Four Seasons,,,Decorative Arts,Ceramic,c. 1775
97975,"Bristol Porcelain Factory (British, 1770-81)",Figure of Winter from the Four Seasons,,,Decorative Arts,Ceramic,c. 1775
122925,"Paul Storr (British, 1771-1844)",Wine Ewer,1771,1844,Decorative Arts,Silver,1815
122925,"Rundell, Bridge and Rundell (British, 1797-1834)",Wine Ewer,1797,1834,Decorative Arts,Silver,1815
124131,the Patanazzi Family (Italian),Saltcellar,,,Decorative Arts,Ceramic,c. 1570-90
124132,the Patanazzi Family (Italian),Saltcellar,,,Decorative Arts,Ceramic,c. 1570-90
137119,"Adam Dircksz (Netherlandish, active c. 1500)",Prayer Nut with Scenes from the Life of St. James the Greater,,,MED - Gothic,Sculpture,c. 1500-1530
137119,Workshop,Prayer Nut with Scenes from the Life of St. James the Greater,,,MED - Gothic,Sculpture,c. 1500-1530
143820,"Paul Storr (British, 1771-1844)",Tureen,1771,1844,Decorative Arts,Silver,1812
143821,"Paul Storr (British, 1771-1844)",Cover for a Tureen,1771,1844,Decorative Arts,Silver,1812
143916,"Peter Bateman (British, 1740-1825)",Trophy Cup and Cover,1740,1825,Decorative Arts,Silver,1792-1793
143916,"Anne Bateman (British, 1748-1813)",Trophy Cup and Cover,1748,1813,Decorative Arts,Silver,1792-1793
148725,"Thomas Heming (British, 1722/23-1801)",Box,1722/23,1801,Decorative Arts,Silver,1771
149043,"Henry Adnet (French, 1745)",Cover for a Tureen,,1745,Decorative Arts,Silver,1735-38
149043,"Juste-Aurèle Meissonnier (French, 1695-1750)",Cover for a Tureen,1695,1750,Decorative Arts,Silver,1735-38
149044,"Juste-Aurèle Meissonnier (French, 1695-1750)",Stand for a Covered Tureen,1695,1750,Decorative Arts,Silver,1735-38
149044,Pierre-François Bonnestrenne (French),Stand for a Covered Tureen,,,Decorative Arts,Silver,1735-38
150698,WW (British),Dish,,,Decorative Arts,Silver,1673
155819,"Henry Raeburn (Scottish, 1756-1823)",Portrait of Hugh Hope,1756,1823,Mod Euro - Painting 1800-1960,Painting,c. 1810
160037,"Tiffany Glass & Decorating Company (American, New York, 1892–1902)",Nautilus Reading Lamp,,,Decorative Arts,Metalwork,c. 1899-1902
162195,"Anne-Louis Girodet de Roucy-Trioson (French, 1767-1824)",Aurora and Cephalus,1767,1824,Mod Euro - Painting 1800-1960,Painting,c.1810
167401,"House of Fabergé (Russian, 1842-1918)",Cigarette Case,1842,1918,Decorative Arts,Miscellaneous,c.1885
167401,"Eric August Kollin (Russian, 1836-1901)",Cigarette Case,1836,1901,Decorative Arts,Miscellaneous,c.1885
170811,"Girolamo della Robbia (Italian, 1488-1566)",Bust of a Classical Hero or Emperor,1488,1566,Sculpture,Sculpture,early to mid 16th century
287950,"André Masson (French, 1896-1987)",Paysage au serpent (Landscape with Snake),1896,1987,Mod Euro - Painting 1800-1960,Painting,1927
300665,"Walter Crane (British, 1845-1915)",Vase,1845,1915,Decorative Arts,Ceramic,1889
300665,"Maw & Co. (British (modern), 1850-1969)",Vase,1850,1969,Decorative Arts,Ceramic,1889
140325,"Théodore Géricault (French, 1791-1824)",Sheet of Sketches (recto) Sheet of Sketches (verso),1791,1824,DR - French,Drawing,1819
123306,Painter of the Royal Procession (Italian),Plate Depicting Christ’s Passion,,,Decorative Arts,Ceramic,c. 1510
127474,"Maestro Giorgio Andreoli (Italian, 1465?-1553)",Plate Depicting the Myth of Cadmus,1465-70,aft 1553,Decorative Arts,Ceramic,1526
150839,"Frans Francken (Flemish, 1581-1642)",The Triumph of Neptune and Amphitrite,1581,1642,P - Netherlandish-Flemish,Painting,1630s
156495,"Philip Guston (American, 1913-1980)",Scroll,1913,1980,CONTEMP - Painting,Painting,1978
157217,"Abraham Bloemaert (Dutch, 1564-1651)",Charity,1564,1651,P - Netherlandish-Dutch,Painting,c. 1590
375546,"Jenny Holzer (American, 1950-)",Laments: Death came and he looked like... (Sarcophagus),1950,,CONTEMP - Sculpture,Mixed Media,1987
375547,"Jenny Holzer (American, 1950-)",Laments: Death came and he looked like... (Sarcophagus coffin),1950,,CONTEMP - Sculpture,Mixed Media,1987
375549,"Jenny Holzer (American, 1950-)",Laments: Death came and he looked like... (sign),1950,,CONTEMP - Sculpture,Mixed Media,1987
142739,"Mikhail Evlampievich Perkhin (Russian, 1860-1903)",Parrot from the Parrot on a Perch,1860,1903,Decorative Arts,Miscellaneous,1896-1903
142739,"House of Fabergé (Russian, 1842-1918)",Parrot from the Parrot on a Perch,1842,1918,Decorative Arts,Miscellaneous,1896-1903
142740,"Mikhail Evlampievich Perkhin (Russian, 1860-1903)",Perch for the Parrot on a Perch,1860,1903,Decorative Arts,Miscellaneous,1896-1903
142740,"House of Fabergé (Russian, 1842-1918)",Perch for the Parrot on a Perch,1842,1918,Decorative Arts,Miscellaneous,1896-1903
142662,"David Smith (American, 1906-1965)",Pilgrim,1906,1965,American - Sculpture,Sculpture,1957
95253,"John Constable (British, 1776-1837)","Hampstead Heath, Looking Toward Harrow",1776,1837,Mod Euro - Painting 1800-1960,Painting,c. 1821
112022,Saint Oswald Reliquary Workshop (German),"Monstrance with the ""Paten of Saint Bernward""",,,MED - Gothic,Metalwork,c. 1180-1190
141220,"Jean de Beaumetz (French, c. 1335-1396)",Calvary with a Carthusian Monk,c. 1335,1396,MED - Medieval Art,Painting,1389-1395
141754,"Harold M. Null (American, 1916-)",Vines,1916,1996,PH - American 1951-Present,Photograph,1965
169335,"Pae White (American, b. 1963)",Smoke,1963,,T - Contemporary Fiber Art,Textile,2011
145426,Lu Wenying (Chinese),River Village in a Rainstorm,,,ASIAN - Hanging scroll,Painting,c. 1480-1507
138360,"Gillis van Coninxloo (Netherlandish, 1544-1607)",Landscape with Venus and Adonis,1544,1607,P - Netherlandish-Flemish,Painting,1580s
127746,"Jacopo Tintoretto (Italian, 1518-1594)",Baptism of Christ,1518,1594,P - Italian 16th & 17th Century,Painting,1580s
130712,"Charles Burchfield (American, 1893-1967)","Study No. 1 for: Church Bells Ringing, Rainy Winter Night",1893,1967,DR - American 20th Century,Drawing,1917
148849,"Psiax (Greek, Attic, active c. 525-505 BC)","Red-Figure Eye Cup: Warriors (A), Musician and Youths (B)",,,GR - Greek,Ceramic,c. 520 BC
148849,Group of Leipzig T 3599,"Red-Figure Eye Cup: Warriors (A), Musician and Youths (B)",-590,-500,GR - Greek,Ceramic,c. 520 BC
150986,"Philipp Hackert (German, 1737-1807)",The Waterfall of Marmore at Terni,1737,1807,DR - German,Drawing,1776-78
157331,"Hendrick Goltzius (Dutch, 1558–1617)",Standing Officer Holding a Boar's Spear,1558,1617,DR - Dutch,Drawing,1586
128823,"Wenzel Jamnitzer I (German, 1508/09-1585)",Mortar,1508/09,1585,Sculpture,Sculpture,c. 1550-1560
128823,"Peter Flötner (German, 1485-1546)",Mortar,1485,1546,Sculpture,Sculpture,c. 1550-1560
128838,Master of the Schlägl Altarpiece (German),Altarpiece with The Passion of Christ,,,MED - Medieval Art,Painting,c. 1440s
128074,"Edouard Vuillard (French, 1868-1940)",Café Wepler,1868,1940,Mod Euro - Painting 1800-1960,Painting,"c. 1908-10, reworked in 1912"
144756,"Henri Fantin-Latour (French, 1836-1904)",Madame Lerolle,1836,1904,Mod Euro - Painting 1800-1960,Painting,1882
152765,"Richard Parkes Bonington (British, 1802-1828)","The Doge's Palace, Venice",1802,1828,Mod Euro - Painting 1800-1960,Painting,1826
162680,"Enoch Wood (British, 1759-1840)",Figure of Demosthenes,1759,1840,Decorative Arts,Ceramic,c. 1800
